orgao,classe,processo,data,relator_c,lavrador,subtema,assuntos_cnj,vencidos,vencido_parcial,tese_repetitiva,afetacao,ementa,decisao
QUARTA TURMA,AgInt no REsp,1933552,2022-03-15,LUIS FELIPE SALOMAO,MARCO BUZZI,reembolso_rede,"10433,10439,12486",['LUIS FELIPE SALOMAO'],False,False,False,"AGRAVO INTERNO NO RECURSO ESPECIAL - AÇÃO CONDENATÓRIA - PLANO DE
SAÚDE - NEGATIVA INDEVIDA DE PROCEDIMENTO CIRÚRGICO DE COLOCAÇÃO DE
MARCA-PASSO - TRATAMENTO DE URGÊNCIA - DECISÃO MONOCRÁTICA QUE DEU
PROVIMENTO AO RECLAMO DA OPERADORA PARA JULGAR IMPROCEDENTES OS
PEDIDOS NA INICIAL - INSURGÊNCIA DO AUTOR - AGRAVO INTERNO PROVIDO.
1. Depreende-se dos autos que: a) o procedimento cirúrgico de
colocação de marcapasso era considerado imprescindível para o
tratamento da enfermidade acometida pelo autor; b) a cirurgia era de
ser realizada com urgência, pois a manutenção do quadro decorrente
das arritmias acarretava risco à vida do paciente; e, c) a negativa
de cobertura foi considerada indevida.
2. As alegações da parte ré, nas razões do recurso especial, segundo
as quais o tratamento, supostamente sem conformidade técnica, teria
sido realizado em rede não credenciada e fora da área de
abrangência, bem ainda que o procedimento de colocação do marcapasso
não estaria coberto diante de cláusula contratual expressa, refogem
aos limites da moldura fática delineada pelas instâncias
ordinárias, constituindo indevida inovação recursal.
2.1 Tais teses desbordam do objeto da análise a ser realizada por
esta Corte Superior, pois, para tanto, seria necessário se imiscuir
no quadro fático ensejador do conflito entre as partes, e, também,
averiguar o conteúdo de cláusulas contratuais, mecanismos que a um
só tempo ensejam inegável supressão de instância e violam os ditames
das Súmulas 5 e 7/STJ.
3. Consoante entendimento sedimentado no STJ, o reembolso das
despesas médico-hospitalares efetuadas pelo beneficiário fora da
rede credenciada somente pode ser admitido em hipóteses
excepcionais, que compreendam a inexistência ou insuficiência de
serviço credenciado no local - por falta de oferta ou em razão de
recusa indevida de cobertura do tratamento -, bem como urgência ou
emergência do procedimento, observadas as obrigações contratuais e
excluídos os valores que excederem a tabela de preços praticados no
respectivo produto.
3.1 No caso concreto, além de se presumir que a enfermidade estava
coberta pelo plano de saúde, pois a matéria sequer fora debatida na
origem, o procedimento cirúrgico em questão se revestia de
urgência/emergência, tendo a operadora negado o tratamento da
enfermidade (recusa indevida), razão pela qual é cabível o reembolso
pleiteado, no limite da tabela de preços do plano, excluídas as
despesas que refogem à cobertura contratual, tais como referentes a
hospedagem, transporte e alimentação.
4. O dano moral inicialmente fixado em R$ 100.000,00 (cem mil reais)
foi reduzido pela Corte local para R$ 10.000,00 (dez mil reais),
ante a recusa sistemática e indevida do plano de saúde no custeio e
liberação do tratamento cirúrgico necessário à manutenção da vida do
paciente, portanto, com caráter de urgência/emergência. Tal
montante é condizente com o abalo sofrido pelo autor e encontra-se
nos limites da razoabilidade e proporcionalidade.
4.1 Para modificar as conclusões consignadas no acórdão impugnado e
concluir estar exagerado o quantum indenizatório como quer a
operadora do plano de saúde, seria necessária a incursão no conjunto
fático-probatório das provas e nos elementos de convicção dos
autos, o que é vedado em sede de recurso especial (Súmula nº 7 do
STJ).
5. Agravo interno provido para conhecer em parte do recurso especial
da operadora do plano de saúde e, nessa extensão, dar-lhe parcial
provimento, mantendo a determinação das instâncias ordinárias quanto
ao dever de reembolsar as despesas médico-hospitalares realizadas
pelo autor, excluídos os valores que excederem os preços de tabela
do plano, bem como os custos com hospedagem, transporte e
alimentação, conforme contrato estabelecido entre as partes.","Vistos, relatados e discutidos os autos em que são partes as acima
indicadas, acordam os Ministros da Quarta Turma do Superior Tribunal
de Justiça  após o voto-vista do Ministro Marco Buzzi dando
provimento ao agravo interno, divergindo do relator, e os votos do
Ministro Raul Araújo, da  Ministra Maria Isabel Gallotti e do
Ministro Antonio Carlos Ferreira no mesmo sentido, por maioria, dar
provimento ao agravo interno,  para dar parcial provimento ao
recurso especial da operadora do plano de saúde, nos termos do voto
divergente do Ministro Marco Buzzi, que lavrará o acórdão. Vencido o
relator. Votaram com o Sr. Ministro Marco Buzzi os Srs. Ministros
Raul Araújo, Maria Isabel Gallotti e Antonio Carlos Ferreira."
QUARTA TURMA,REsp,1842475,2022-09-27,LUIS FELIPE SALOMAO,MARCO BUZZI,reajuste,,['LUIS FELIPE SALOMAO'],False,False,False,"RECURSO ESPECIAL - PLANO DE SAÚDE - INDISPONIBILIDADE DE PRESTADOR
DE SERVIÇO CREDENCIADO NA ÁREA DE ABRANGÊNCIA - OPERADORA QUE
DESCUMPRE O DEVER DE GARANTIR O ATENDIMENTO  NO MESMO MUNICÍPIO,
AINDA QUE POR PRESTADOR NÃO INTEGRANTE DA REDE ASSISTENCIAL -
INSTÂNCIAS ORDINÁRIAS QUE ESTABELECERAM O DEVER DE REEMBOLSO
INTEGRAL, PORÉM NO PRAZO DE 72 HORAS.
Hipótese: Controvérsia afeta à possibilidade de considerar cumprida
a obrigação do plano de garantir acesso do beneficiário aos serviços
e procedimentos para atendimento das coberturas, na hipótese de
indisponibilidade de prestador de serviço credenciado no município
de abrangência do plano, quando existir  nosocômio credenciado em
município limítrofe.
1. Nos termos da Resolução Normativa nº 259/2011 da ANS, em caso de
indisponibilidade de prestador credenciado da rede assistencial que
ofereça o serviço ou procedimento demandado, no município
pertencente à área geográfica de abrangência e à área de atuação do
produto, a operadora deverá garantir o atendimento,
preferencialmente, no âmbito do mesmo município, ainda que por
prestador não integrante da rede assistencial da operadora do plano
de saúde, cujo pagamento se dará mediante acordo entre as partes
(operadora do plano e prestador).
1.1 Somente em caso de inexistência de prestador não integrante da
rede assistencial no mesmo município é que será devido o atendimento
em município limítrofe.
2. No caso, deixou a operadora de indicar profissional/nosocômio
apto a proceder ao atendimento da autora no mesmo município de
abrangência, bem como não autorizou o tratamento da demandante em
prestador não integrante da rede assistencial no mesmo município, de
modo que abusiva a negativa de custeio.
2.1 Seja em razão da primazia do atendimento no município
pertencente à área geográfica de abrangência, ainda que por
prestador não integrante da rede credenciada, seja em virtude da não
indicação pela operadora de prestador junto ao qual tenha firmado
acordo, bem como diante da impossibilidade de a parte autora se
locomover a município limítrofe, afigura-se devido o reembolso
integral das despesas realizadas, no prazo de 30 (trinta) dias,
contado da data da solicitação de reembolso, conforme previsão
expressa do artigo 9° da RN n° 259/11 da ANS.
3. Recurso especial provido, em parte, apenas para estabelecer o
prazo de reembolso em 30 dias.","Vistos, relatados e discutidos os autos em que são partes as acima
indicadas, acordam os Ministros da Quarta Turma do Superior Tribunal
de Justiça, após o voto-vista da Ministra Maria Isabel Gallotti
dando parcial provimento ao recurso especial, em menor extensão, e a
adequação do voto do Ministro Marco Buzzi no mesmo sentido, e o
voto do Ministro Antonio Carlos Ferreira acompanhando a divergência,
por maioria, dar parcial provimento ao recurso especial, nos termos
do voto divergente do Ministro Marco Buzzi, que lavrará o acórdão.
Vencido o relator. Votaram com o Sr. Ministro Marco Buzzi
(Presidente) os Srs. Ministros Raul Araújo, Maria Isabel Gallotti e
Antonio Carlos Ferreira."
QUARTA TURMA,EDcl no AgInt no REsp,1973869,2022-10-04,MARCO BUZZI,MARIA ISABEL GALLOTTI,reajuste,"6233,10582,12486","['ANTONIO CARLOS FERREIRA', 'MARCO BUZZI']",False,False,False,"EMBARGOS DE DECLARAÇÃO EM AGRAVO INTERNO. OMISSÃO VERIFICADA. PLANO
DE SAÚDE. REAJUSTE POR SINISTRALIDADE. PERÍCIA ATUARIAL.
NECESSIDADE. INDEFERIMENTO DE PRODUÇÃO DE PROVAS. JULGAMENTO
ANTECIPADO DA LIDE. CERCEAMENTO DE DEFESA CONFIGURADO. PRECEDENTES.
ALEGAÇÃO DE OMISSÃO NO ACÓRDÃO ESTADUAL. PREQUESTIONAMENTO FICTO.
POSSIBILIDADE. ART. 1.025 DO CPC. EMBARGOS ACOLHIDOS, COM EFEITOS
INFRINGENTES.
1. Devem ser acolhidos os embargos de declaração pela existência de
omissão no julgamento do recurso anterior, imprimindo-lhes
excepcionais efeitos infringentes.
2. Nos termos do entendimento desta Corte, o reconhecimento do
prequestionamento ficto (art. 1025 do CPC) pressupõe que a parte
recorrente, após o manejo dos embargos de declaração na origem,
também aponte nas razões do recurso especial violação do art. 1.022
do CPC, o que ocorreu no particular.
3. Configura cerceamento de defesa a decisão que conclui pela
improcedência das alegações por falta de prova e julga
antecipadamente a lide, indeferindo o pedido de abertura da dilação
probatória. Precedentes.
4. Embargos de declaração acolhidos, com efeitos infringentes, para
reconhecer o cerceamento de defesa, em razão do prequestionamento
ficto do art. 355, I, do CPC, e determinar o retorno dos autos à
primeira instância para facultar às partes o requerimento de
produção probatória.","Após o voto do relator rejeitando os embargos de declaração, e o
voto da Ministra Maria Isabel Gallotti acolhendo os embargos de
declaração, para dar provimento ao recurso especial, divergindo do
relator, e os votos dos Ministros João Otávio de Noronha e Raul
Araújo acompanhando a divergência, e o voto do Ministro Antonio
Carlos Ferreira acompanhando o relator, a Quarta Turma, por maioria,
acolheu os embargos de declaração para dar provimento ao recurso
especial, nos termos do voto divergente da Ministra Maria Isabel
Gallotti, que lavrará o acórdão. Vencidos o relator e o Ministro
Antonio Carlos Ferrira. Votaram vencidos os Srs. Ministros Marco
Buzzi e Antonio Carlos Ferreira.
Votaram com a Sra. Ministra Maria Isabel Gallotti os Srs. Ministros
João Otávio de Noronha e Raul Araújo (Presidente)."
QUARTA TURMA,AgInt no AgInt no REsp,1799666,2023-03-07,ANTONIO CARLOS FERREIRA,,medicamentos,"6233,8826,12487",['RAUL ARAUJO'],False,False,False,"CIVIL E PROCESSUAL CIVIL. AGRAVO INTERNO NO AGRAVO INTERNO NO
RECURSO ESPECIAL. MATÉRIA CONSTITUCIONAL. IMPOSSIBILIDADE DE
APRECIAÇÃO. COBERTURA DE MEDICAMENTO. SUPERVENIÊNCIA DE REGISTRO NA
ANVISA. TEMA 990/STJ. MODULAÇÃO DE EFEITOS.  DECISÃO MANTIDA.
PROCESSUAL CIVIL. AGRAVO INTERNO NO RECURSO ESPECIAL.
1. A análise de suposta violação a dispositivos constitucionais é
vedada em sede especial, sob pena de usurpação da competência
atribuída pelo constituinte ao Supremo Tribunal Federal.
2.  Pretensão de restabelecimento da procedência integral do pedido,
sob o argumento de necessidade de modulação dos efeitos da tese
firmada no Tema 990/STJ.
3. Segundo a jurisprudência desta Corte, apenas deve ser reconhecido
o dever de cobertura contratual a partir do efetivo registro do
medicamento pela ANVISA, de forma que o reembolso fica limitado aos
valores despendidos após esse fato.
4.   Aplicação da modulação de efeitos nos exatos termos  em que
deferida no Tema n. 990/STJ, somente para permitir a procedência
parcial do pedido no caso de superveniência do registro no curso da
demanda.
5. Agravo interno a que se nega provimento.","Vistos e relatados estes autos em que são partes as acima
indicadas, acordam os Ministros da Quarta Turma, por maioria, negar
provimento ao agravo interno, nos termos do voto do Sr. Ministro
Relator. Vencido o Sr. Ministro Raul Araújo.
Votou vencido o Sr. Ministro Raul Araújo.
Os Srs. Ministros Marco Buzzi, João Otávio de Noronha e Maria Isabel
Gallotti votaram com o Sr. Ministro Relator."
QUARTA TURMA,AgInt no AREsp,2251773,2024-05-21,ANTONIO CARLOS FERREIRA,MARCO BUZZI,medicamentos,"7779,12487","['ANTONIO CARLOS FERREIRA', 'JOAO OTAVIO DE NORONHA']",False,False,False,"AGRAVO INTERNO NO AGRAVO EM RECURSO ESPECIAL. DECISÃO DA
PRESIDÊNCIA. RECONSIDERAÇÃO. NOVO EXAME DO RECURSO. AÇÃO DE
OBRIGAÇÃO DE FAZER. PLANO DE SAÚDE. ESCLEROSE MÚLTIPLA. MEDICAMENTO
DE USO DOMICILIAR. PECULIARIDADES DO CASO QUE AUTORIZAM O
RECONHECIMENTO DO EXCEPCIONAL DEVER DE COBERTURA. AGRAVO INTERNO
PROVIDO PARA CONHECER DO AGRAVO EM RECURSO ESPECIAL. RECURSO
ESPECIAL PROVIDO.
1. Não subsiste a incidência da Súmula 182/STJ na espécie, utilizada
pela Presidência desta Corte para não conhecer do reclamo, na
medida em que a parte agravante impugnou todos os fundamentos da
decisão de inadmissibilidade do recurso especial. Decisão proferida
pela Presidência desta Corte reconsiderada, para se conhecer do
agravo.
2. Em relação à alegada negativa de prestação jurisdicional, embora
se constatem omissões no acórdão recorrido, é cabível, na hipótese,
o reconhecimento do prequestionamento ficto (art. 1.025 do CPC),
tendo em vista que foi alegada violação do artigo 1.022 do CPC nas
razões do recurso especial e o enfrentamento da matéria omissa
independe do revolvimento de questões fáticas.
3. No mérito, a controvérsia diz respeito à legitimidade da recusa
da operadora de plano de saúde em fornecer à recorrente o
medicamento fingolimode, na forma oral, para tratamento de esclerose
múltipla, por se tratar de fármaco de uso domiciliar, para o qual
não há previsão legal ou contratual de cobertura obrigatória.
3.1. Consoante entendimento desta Corte Superior, é lícita a
exclusão, na Saúde Suplementar, do fornecimento de medicamentos para
tratamento domiciliar, isto é, aqueles prescritos pelo médico
assistente para administração em ambiente externo ao de unidade de
saúde, salvo os antineoplásicos orais (e correlacionados), a
medicação assistida (home care) e os incluídos no Rol da ANS para
esse fim.
3.2. Todavia, o caso concreto apresenta peculiaridades que
justificam a aplicação de entendimento diverso, quais sejam: (i) o
medicamento solicitado é registrado pela Anvisa e expressamente
indicado para o tratamento de esclerose múltipla; (ii) embora o
fingolimode não esteja previsto como de cobertura obrigatória no
anexo II da RN 465/2021, as diretrizes técnicas da ANS orientam o
seu uso como segunda ou terceira linha de tratamento, que,
inclusive, deve ser necessariamente utilizada pelo paciente como
requisito para a cobertura obrigatória do medicamento previsto para
a linha de tratamento subsequente; (iii) demonstrou-se a
imprescindibilidade do fingolimode para evitar que a recorrente
tenha surtos da doença, com degeneração neurológica progressiva e
desenvolvimento de sequelas incapacitantes irreversíveis; (iv) a
insurgente já utilizou, sem sucesso, os outros medicamentos
injetáveis previstos como primeira linha de tratamento, sendo
necessário, segundo a orientação da médica assistente, condizente
com as diretrizes técnicas da ANS e o PCDT do Ministério da Saúde,
seguir o escalonamento do tratamento; (v) o custo do fingolimode é
inferior ao de outras opções de tratamento injetáveis.
4. Nesse cenário, não é razoável exigir que a recorrente passe, de
plano, para a etapa subsequente de tratamento, na contramão das
recomendações dos órgãos técnicos e da médica assistente, e que seja
submetida a tratamento injetável, realizado em ambiente hospitalar,
quando pode fazer uso de tratamento via oral, mais prático, indolor
e sem gastos com deslocamento e dispêndio de tempo, além de
representar custo inferior para a operadora do plano de saúde, não
afetando o equilíbrio contratual.
4.1. Conclui-se, assim, que a negativa de cobertura do medicamento,
na hipótese, revela-se abusiva.
5. Agravo interno provido para reconsiderar a decisão e, em novo
exame, conhecer do agravo para conhecer e dar provimento ao recurso
especial.","Vistos e relatados estes autos em que são partes as acima indicadas,
acordam os Ministros da QUARTA TURMA do Superior Tribunal de
Justiça, após o voto-vista do Ministro Marco Buzzi dando provimento
ao agravo interno para conhecer do recurso especial, a fim de
dar-lhe provimento, divergindo do relator, e o voto do Ministro João
Otávio de Noronha acompanhando o relator e o voto do Ministro Raul
Araújo e da Ministra Maria Isabel Gallotti acompanhando a
divergência, por maioria, dar provimento ao agravo interno para
conhecer e dar provimento recurso especial, nos termos do voto
divergente do Ministro Marco Buzzi que lavrará o acórdão. Vencidos o
relator e o Ministro João Otávio de Noronha
Votaram vencidos os Srs. Ministros Antonio Carlos Ferreira e João
Otávio de Noronha.
Votaram com o Sr. Ministro Marco Buzzi os Srs. Ministros Raul Araújo
(Presidente) e Maria Isabel Gallotti."
QUARTA TURMA,AgInt no REsp,1983242,2025-06-10,MARCO BUZZI,,tratamento_medico_hospitalar,"12480,12482,12486,12489","['JOAO OTAVIO DE NORONHA', 'MARIA ISABEL GALLOTTI']",False,False,False,"AGRAVO INTERNO NO RECURSO ESPECIAL - AÇÃO DE OBRIGAÇÃO DE FAZER C/C
PEDIDO INDENIZATÓRIO - DECISÃO MONOCRÁTICA QUE DEU PROVIMENTO AOS
APELOS NOBRES DO AUTOR E DO ÓRGÃO MINISTERIAL.
INSURGÊNCIA DA DEMANDADA.
1. Razões do agravo interno que não impugnam especificamente os
fundamentos invocados na decisão agravada, nos termos do artigo
1.021, §1º, do CPC/15, a atrair a aplicação da Súmula 182/STJ.
2. Agravo interno não conhecido.","Vistos e relatados estes autos em que são partes as acima indicadas,
acordam os Ministros da QUARTA TURMA do Superior Tribunal de
Justiça, após o voto-vista da Ministra Maria Isabel Gallotti dando
provimento ao agravo interno, para negar provimento ao recurso
especial, divergindo do relator, e o voto do Ministro João Otávio de
Noronha acompanhando a divergência, e o voto do Ministro Raul
Araújo acompanhando o relator, e o voto do Ministro Antonio Carlos
Ferreira no mesmo sentido, por maioria, não conhecer do agravo
interno, nos termos do voto do Sr. Ministro Relator.
Votaram vencidos a Sra. Ministra Maria Isabel Gallotti e o Sr.
Ministro João Otávio de Noronha.
Votaram com o Sr. Ministro MARCO BUZZI os Srs. Ministros Raul Araújo
e Antonio Carlos Ferreira."
QUARTA TURMA,REsp,2178716,2025-10-16,JOAO OTAVIO DE NORONHA,RAUL ARAUJO,medicamentos,"12480,12482,12486,12487",['JOAO OTAVIO DE NORONHA'],False,False,False,"DIREITO CIVIL. RECURSO ESPECIAL. PLANO DE SAÚDE. MEDICAMENTO OFF
LABEL. COBERTURA OBRIGATÓRIA. RECURSO PROVIDO.
1. A jurisprudência de ambas as Turmas que compõem a Segunda Seção
deste Tribunal estabelece que a operadora de plano de saúde deve
suportar os custos de fármaco regularmente registrado e prescrito
pelo médico assistente, ainda que a indicação clínica não
corresponda às descrições constantes da bula ou do manual aprovado
pela ANVISA. Precedentes.
2. O caso dos autos amolda-se a tal entendimento, na medida em que o
medicamento pleiteado para aplicação fora das hipóteses previstas
na bula foi devidamente prescrito por médico, possui registro na
ANVISA e consta do Rol da ANS. Desse modo, mostra-se devido o
custeio do medicamento pela operadora de plano de saúde.
3. Recurso especial provido.","Após o voto-vista do Ministro Raul Araújo dando provimento ao
recurso especial, divergindo do relator, e o voto da Ministra Maria
Isabel Gallotti acompanhando a divergência, e os votos dos Ministros
Antonio Carlos Ferreira e Marco Buzzi no mesmo sentido, a Quarta
Turma, por maioria, deu provimento ao recurso especial, nos termos
do voto divergente do Ministro Raul Araújo, que lavra o acórdão.
Votou vencido o Sr. Ministro João Otávio de Noronha. Votaram com o
Sr. Ministro Raul Araújo os Srs. Ministros Maria Isabel Gallotti,
Antonio Carlos Ferreira e Marco Buzzi. Presidiu o julgamento o Sr.
Ministro João Otávio de Noronha."
SEGUNDA SEÇÃO,EREsp,1889704,2022-06-08,LUIS FELIPE SALOMAO,,reajuste,"6233,12486","['MOURA RIBEIRO', 'NANCY ANDRIGHI', 'PAULO DE TARSO SANSEVERINO']",True,True,False,"EMBARGOS DE DIVERGÊNCIA. PLANOS E SEGUROS DE SAÚDE. DIVERGÊNCIA
ENTRE AS TURMAS DE DIREITO PRIVADO ACERCA DA TAXATIVIDADE OU NÃO DO
ROL DE PROCEDIMENTOS E EVENTOS EM SAÚDE ELABORADO PELA ANS.
ATRIBUIÇÃO DA AUTARQUIA, INEQUIVOCAMENTE ESTABELECIDA NA SUA PRÓPRIA
LEI DE CRIAÇÃO. ATO ESTATAL DO REGIME JURÍDICO DE DIREITO
ADMINISTRATIVO AO QUAL SE SUBMETEM FORNECEDORES E CONSUMIDORES DA
RELAÇÃO CONTRATUAL DE DIREITO PRIVADO. GARANTE A PREVENÇÃO, O
DIAGNÓSTICO, A RECUPERAÇÃO E A REABILITAÇÃO DE TODAS AS
ENFERMIDADES. SOLUÇÃO CONCEBIDA E ESTABELECIDA PELO LEGISLADOR PARA
EQUILÍBRIO DOS INTERESSES DAS PARTES DA RELAÇÃO CONTRATUAL.
ENUNCIADO N. 21 DA I JORNADA DE DIREITO DA SAÚDE DO CNJ. CDC.
APLICAÇÃO SUBSIDIÁRIA À RELAÇÃO CONTRATUAL, SEMPRE VISANDO O
EQUILÍBRIO. HARMONIZAÇÃO DA JURISPRUDÊNCIA DA PRIMEIRA E SEGUNDA
SEÇÕES NO SENTIDO DE VELAR AS ATRIBUIÇÕES LEGAIS E A
DISCRICIONARIEDADE TÉCNICA DA AUTARQUIA ESPECIALIZADA. FIXAÇÃO DA
TESE DA TAXATIVIDADE, EM REGRA, DA RELAÇÃO EDITADA PELA AGÊNCIA, COM
ESTABELECIMENTO DE PARÂMETROS OBJETIVOS PARA SOLUÇÃO DE
CONTROVÉRSIAS SUBMETIDAS AO JUDICIÁRIO.
1. A Lei n. 9.961/2000 criou a ANS, estabelecendo no art. 3º sua
finalidade institucional de promover a defesa do interesse público
na assistência suplementar à saúde, regulando as operadoras
setoriais, inclusive quanto às suas relações com prestadores e
consumidores, contribuindo para o desenvolvimento das ações de saúde
no País. Já o art. 4º, III, elucida que compete à ANS elaborar o
Rol de procedimentos e eventos em saúde, que constituirão referência
básica para os fins do disposto na Lei n. 9.656, de 3 de junho de
1998, e suas excepcionalidades.
2. Por inequívoca opção do legislador, extrai-se tanto do art. 10, §
4º, da Lei n. 9.656/1998 quanto do art. 4º, III, da Lei n.
9.961/2000 que é atribuição dessa agência elaborar o Rol de
procedimentos e eventos em saúde que constituirão referência básica
para os fins do disposto na Lei dos Planos e Seguros de Saúde. Nessa
toada, o Enunciado n. 21 da I Jornada de Direito da Saúde do CNJ
propugna que se considere, nos contratos celebrados ou adaptados na
forma da Lei n. 9.656/1998, o Rol de procedimentos de cobertura
obrigatória elencados nas resoluções da Agência Nacional de Saúde
Suplementar, ressalvadas as coberturas adicionais contratadas.
3. Por um lado, a Resolução Normativa ANS n. 439/2018, ora
substituída pela Resolução Normativa ANS n. 470/2021, ambas dispondo
sobre o rito processual de atualização do Rol, estabelece que as
propostas de sua atualização serão recebidas e analisadas mediante
critérios técnicos relevantes de peculiar complexidade, que exigem
alto nível de informações, quais sejam, utilização dos princípios da
avaliação de tecnologias em saúde - ATS, princípios da saúde
baseada em evidências - SBE, manutenção do equilíbrio
econômico-financeiro do setor. Por outro lado, deixando claro que
não há o dever de fornecer todas e quaisquer coberturas vindicadas
pelos usuários dos planos de saúde, ao encontro das mencionadas
resoluções normativas da ANS, a Medida Provisória n. 1.067, de 2 de
setembro de 2021, incluiu o art. 10-D, § 3º, I, II e III, na Lei
9.656/1998 para estabelecer, no mesmo diapasão do regramento
infralegal, a instituição da Comissão de Atualização do Rol de
Procedimentos e Eventos em Saúde Suplementar, à qual compete
assessorar a ANS nas atribuições de que trata o § 4º do art. 10,
devendo apresentar relatório que considerará: I - as evidências
científicas sobre a eficácia, a acurácia, a efetividade e a
segurança do medicamento, do produto ou do procedimento analisado,
reconhecidas pelo órgão competente para o registro ou a para a
autorização de uso; II - a avaliação econômica comparativa dos
benefícios e dos custos em relação às coberturas já previstas no rol
de procedimentos e eventos em saúde suplementar, quando couber; e
III - a análise de impacto financeiro da ampliação da cobertura no
âmbito da saúde suplementar.
4. O  Rol mínimo e obrigatório de procedimentos e eventos em saúde
constitui relevante garantia do consumidor para assegurar direito à
saúde, a preços acessíveis, contemplando a camada mais ampla e
vulnerável economicamente da população. Por conseguinte, considerar
esse mesmo rol meramente exemplificativo - devendo, ademais, a
cobertura mínima, paradoxalmente, não ter limitações definidas - tem
o condão de efetivamente padronizar todos os planos e seguros de
saúde e restringir a livre concorrência, obrigando-lhes,
tacitamente, a fornecer qualquer tratamento prescrito para garantir
a saúde ou a vida do segurado, o que representaria, na verdade,
suprimir a própria existência do ""Rol mínimo"" e, reflexamente, negar
acesso à saúde suplementar à mais extensa faixa da população.
5. A par de o Rol da ANS ser harmônico com o CDC, a Segunda Seção já
pacificou que ""as normas do CDC aplicam-se apenas subsidiariamente
nos planos de saúde, conforme previsão do art. 35-G da Lei nº
9.656/1998. De qualquer maneira, em casos de incompatibilidade de
normas, pelos critérios da especialidade e da cronologia, há
evidente prevalência da lei especial nova"" (EAREsp n. 988.070/SP,
relator Ministro Ricardo Villas Bôas Cueva, Segunda Seção, julgado
em 8/11/2018, DJe de 14/11/2018). Dessa maneira, ciente de que o Rol
da ANS é solução concebida pelo próprio legislador para
harmonização da relação contratual buscada nas relações
consumeristas, também não caberia a aplicação insulada do CDC,
alheia às normas específicas inerentes à relação contratual.
6. Não se pode perder de vista que se está a discutir direitos e
obrigações da relação contratual que envolvem plano de saúde e
usuário, e não o estabelecimento de obrigação de fazer ou de não
fazer a terceiro, que nem mesmo integra a lide. A ANS, ao contrário
do médico-assistente da parte litigante, analisa os procedimentos e
eventos sob perspectiva coletiva, tendo em mira a universalização do
serviço, de modo a viabilizar o atendimento do maior número
possível de usuários. Mesmo o correto e regular exercício
profissional da Medicina, dentro das normas deontológicas da
profissão, usualmente possibilita ao profissional uma certa margem
de subjetividade, que, por vezes, envolve convicções pessoais ou
melhor conveniência, mas não pode nortear a elaboração do Rol.
7. Conforme adverte a doutrina especializada, muito além de servir
como arrimo para precificar os valores da cobertura básica e mínima
obrigatória das contratações firmadas na vigência da lei de Planos
de Saúde, o Rol de procedimentos, a cada nova edição, delineia
também a relevante preocupação do Estado em não expor o consumidor e
paciente a prescrições que não encontrem respaldo técnico estudado
e assentado no mundo científico, evitando-se que virem reféns dos
interesses - notadamente econômicos - da cadeia de fornecedores de
produtos e serviços que englobam a assistência médico-hospitalar e
odontológica suplementar.
8. Legítima é a confiança que está de acordo com o direito,
despertada a partir de circunstâncias objetivas. Com efeito, o
entendimento de que o Rol - ato estatal, com expressa previsão legal
e imperatividade inerente, que vincula fornecedores e consumidores
- deve ser considerado meramente exemplificativo em vista da
vulnerabilidade do consumidor, isto é, lista aberta sem nenhum
paralelo no mundo, ignora que é ato de direito administrativo, e não
do fornecedor de serviços, assim como nega vigência a diversos
dispositivos legais, ocasionando antisseleção, favorecimento da
concentração de mercado e esvaziamento da competência atribuída à
ANS pelo Poder Legislativo para adoção de medidas regulatórias
voltadas a equilibrar o setor de saúde suplementar de forma ampla e
sistêmica, com prejuízo para toda a coletividade envolvida. Afeta
igualmente a eficácia do direito constitucional à saúde (art. 196 da
CF), pois a interferência no equilíbrio atuarial dos planos de
saúde privados contribui de forma significativa para o encarecimento
dos produtos oferecidos no mercado e para o incremento do reajuste
da mensalidade no ano seguinte, dificultando o acesso de
consumidores aos planos e seguros, bem como sua mantença neles,
retirando-lhes a confiabilidade assegurada pelo Rol de
procedimentos, no que tange à segurança dos procedimentos ali
elencados, e ao Sistema Único de Saúde (SUS), que, com esse
entendimento jurisprudencial, reflexamente teria sua demanda
aumentada.
9. Em recentes precedentes específicos envolvendo a supressão das
atribuições legais da ANS, as duas Turmas de Direito Público
decidiram que, ""segundo entendimento firmado neste Superior Tribunal
de Justiça, até prova cabal em contrário, deve prevalecer a
presunção de legitimidade dos atos administrativos praticados pelas
agências reguladoras"", ""sendo inviável qualquer discussão acerca do
próprio mérito administrativo"" (AgInt nos EDcl no REsp n.
1.834.266/PR, relator  Ministro Sérgio Kukina, Primeira Turma,
julgado em 22/3/2021, DJe de 25/3/2021). Ademais, assentaram que não
é papel do Judiciário promover a substituição técnica por outra
concepção defendida pelo julgador, sendo ""incabível substituição da
discricionariedade técnica pela discricionariedade judicial"" (AgInt
no REsp n. 1.823.636/PR, relator Ministro Mauro Campbell Marques,
Segunda Turma, julgado em 14/9/2021, DJe de 16/9/2021).
10. Diante desse cenário e buscando uma posição equilibrada e
ponderada, conforme o entendimento atual da Quarta Turma, a
cobertura de tratamentos, exames ou procedimentos não previstos no
Rol da ANS somente pode ser admitida, de forma pontual, quando
demonstrada a efetiva necessidade, por meio de prova técnica
produzida nos autos, não bastando apenas a prescrição do médico ou
odontólogo que acompanha o paciente, devendo ser observados,
prioritariamente, os contidos no Rol de cobertura mínima. Deveras,
como assentado pela Corte Especial na esfera de recurso repetitivo,
REsp n. 1.124.552/RS, o melhor para a segurança jurídica consiste em
não admitir que matérias técnicas sejam tratadas como se fossem
exclusivamente de direito, resultando em deliberações arbitrárias ou
divorciadas do exame probatório do caso concreto. Ressaltou-se
nesse precedente que: a) não é possível a ilegítima invasão do
magistrado em seara técnica à qual não é afeito; b) sem dirimir a
questão técnica, uma ou outra conclusão dependerá unicamente do
ponto de vista do julgador, manifestado quase que de forma
ideológica, por vez às cegas e desprendido da prova dos autos; c)
nenhuma das partes pode ficar ao alvedrio de valorações
superficiais.
11. Cabem serem observados os seguintes parâmetros objetivos para
admissão, em hipóteses excepcionais e restritas, da superação das
limitações contidas no Rol: 1 - o Rol de Procedimentos e Eventos em
Saúde Suplementar é, em regra, taxativo; 2 - a operadora de plano ou
seguro de saúde não é obrigada a arcar com tratamento não constante
do Rol da ANS se existe, para a cura do paciente, outro
procedimento eficaz, efetivo e seguro já incorporado à lista; 3 - é
possível a contratação de cobertura ampliada ou a negociação de
aditivo contratual para a cobertura de procedimento extrarrol; 4 -
não havendo substituto terapêutico ou estando esgotados os
procedimentos do Rol da ANS, pode haver, a título de
excepcionalidade, a cobertura do tratamento indicado pelo médico ou
odontólogo-assistente, desde que (i) não tenha sido indeferida
expressamente pela ANS a incorporação do procedimento ao Rol da
Saúde Suplementar; (ii) haja comprovação da eficácia do tratamento à
luz da medicina baseada em evidências; (iii) haja recomendações de
órgãos técnicos de renome nacionais (como Conitec e NatJus) e
estrangeiros; e (iv) seja realizado, quando possível, o diálogo
interinstitucional do magistrado com entes ou pessoas com expertise
na área da saúde, incluída a Comissão de Atualização do Rol de
Procedimentos e Eventos em Saúde Suplementar, sem deslocamento da
competência do julgamento do feito para a Justiça Federal, ante a
ilegitimidade passiva ad causam da ANS.
12. No caso concreto, a ação tem o pedido mediato de obtenção da
cobertura de tratamento multidisciplinar pelo método ABA (Applied
Behavoir Analysis) para autismo - reputado, nos embargos de
divergência, não previsto no Rol da ANS -, sem limitação do número
de sessões de terapia ocupacional e de fonoaudiologia. Em vista da
superveniente mudança promovida pela ANS - Resolução n. 469/2021,
que altera o Anexo II (Diretrizes de Utilização) da Resolução
Normativa n. 465/2021 (vigente Rol da ANS), publicada em 12/7/2021 -
e da própria manifestação da parte recorrente, na primeira sessão
de julgamento, no sentido da subsequente perda do interesse
recursal, há uma diretriz que tornou ilimitado o número de consultas
com psicólogos, terapeutas ocupacionais e fonoaudiólogos para
tratamento de autismo. Caso a operadora possua, em sua rede
credenciada, profissional habilitado em determinada técnica ou
determinado método, tal como a ABA, tal abordagem terapêutica poderá
ser empregada pelo profissional no atendimento ao beneficiário,
durante a realização dos procedimentos cobertos, como sessão de
psicólogo e/ou terapeuta ocupacional (com diretriz de utilização) ou
sessão com fonoaudiólogo.
13. Embargos de divergência a que se nega provimento.","Vistos, relatados e discutidos estes autos, os Ministros da Segunda
Seção do Superior Tribunal de Justiça acordam, após o voto-vista
antecipado do Sr. Ministro Villas Bôas Cueva acompanhando o Sr.
Ministro Relator com acréscimo de parâmetros, o aditamento ao voto
da Sra. Ministra Nancy Andrighi mantendo a tese do rol
exemplificativo, e o Sr. Ministro Relator ajustando seu voto para
acolher as proposições trazidas pelo Sr. Ministro Villas Bôas Cueva,
por maioria, nos termos do voto do Sr. Ministro Relator,
estabelecer a tese quanto à taxatividade, em regra, nos seguintes
termos:
1 - o Rol de Procedimentos e Eventos em Saúde Suplementar é, em
regra, taxativo;
2 - a operadora de plano ou seguro de saúde não é obrigada a arcar
com tratamento não constante do Rol da ANS se existe, para a cura do
paciente, outro procedimento eficaz, efetivo e seguro já
incorporado ao Rol;
3 - é possível a contratação de cobertura ampliada ou a negociação
de aditivo contratual para a cobertura de procedimento extra Rol;
4 - não havendo substituto terapêutico ou esgotados os procedimentos
do Rol da ANS, pode haver, a título excepcional, a cobertura do
tratamento indicado pelo médico ou odontólogo assistente, desde que
(i) não tenha sido indeferido expressamente, pela ANS, a
incorporação do procedimento ao Rol da Saúde Suplementar; (ii) haja
comprovação da eficácia do tratamento à luz da medicina baseada em
evidências; (iii) haja recomendações de órgãos técnicos de renome
nacionais (como CONITEC e NATJUS) e estrangeiros; e (iv) seja
realizado, quando possível, o diálogo interinstitucional do
magistrado com entes ou pessoas com expertise técnica na área da
saúde, incluída a Comissão de Atualização do Rol de Procedimentos e
Eventos em Saúde Suplementar, sem deslocamento da competência do
julgamento do feito para a Justiça Federal, ante a ilegitimidade
passiva ad causam da ANS.
No caso concreto, a Segunda Seção, por unanimidade, ainda que por
fundamentação diversa, negou provimento aos embargos de divergência,
nos termos do voto do Sr. Ministro Relator. Vencidos quanto à tese
da taxatividade os Srs. Ministros Nancy Andrighi, Paulo de Tarso
Sanseverino e Moura Ribeiro.
Os Srs. Ministros Raul Araújo, Maria Isabel Gallotti, Ricardo Villas
Bôas Cueva, Marco Buzzi e Marco Aurélio Bellizze votaram com o Sr.
Ministro Relator.
Presidiu o Sr. Ministro Antonio Carlos Ferreira.
Consignados pedidos de preferência pela Embargante UNIMED CAMPINAS
COOPERATIVA DE TRABALHO MÉDICO, representada pelos Drs. ANA TEREZA
BASÍLIO e MÁRCIO VIEIRA SOUTO COSTA FERREIRA e, pelo Embargado R D
F, as Dras. RAÍSSA MOREIRA SOARES e CAROLINE SALERNO."
SEGUNDA SEÇÃO,REsp,2108440,2025-04-03,NANCY ANDRIGHI,,tratamento_medico_hospitalar,"6064,12489",['MARIA ISABEL GALLOTTI'],False,False,False,"RECURSO ESPECIAL. AUSÊNCIA DE PREQUESTIONAMENTO. SÚMULA 211/STJ.
AÇÃO DE OBRIGAÇÃO DE FAZER. PRESCRIÇÃO DE TERAPIAS
MULTIDISCIPLINARES PARA TRATAMENTO DE BENEFICIÁRIO PORTADOR DE
MICROCEFALIA, PARALISIA CEREBRAL E EPILEPSIA. PEDIASUIT. EFICÁCIA
RECONHECIDA PELO CONSELHO FEDERAL DO PROFISSIONAL DE SAÚDE
RESPONSÁVEL PELA REALIZAÇÃO DO PROCEDIMENTO. REGISTRO NA ANVISA.
NATUREZA EXPERIMENTAL AFASTADA. MÉTODO ADOTADO DURANTE AS SESSÕES DE
FISIOTERAPIA E TERAPIA OCUPACIONAL. PREVISÃO NO ROL DA ANS SEM
DIRETRIZES DE UTILIZAÇÃO.
1. Ação de obrigação de fazer ajuizada em 28/04/2016, da qual foi
extraído o presente recurso especial, interposto em 27/02/2023 e
concluso ao gabinete em 26/05/2023.
2. O propósito recursal é decidir sobre a obrigação de cobertura,
pela operadora de plano de saúde, de terapia pelo método Pediasuit.
3. A ausência de decisão acerca dos dispositivos legais indicados
como violados impede o conhecimento do recurso especial (súmula
211/STJ).
4. De acordo com o art. 17, parágrafo único, I, da RN 465/2021 da
ANS, que regulamenta o art. 10, I, da Lei 9.656/1998, são
tratamentos clínicos experimentais aqueles que: a) empregam
medicamentos, produtos para a saúde ou técnicas não registrados/não
regularizados no país; b) são considerados experimentais pelo
Conselho Federal de Medicina - CFM, pelo Conselho Federal de
Odontologia - CFO ou pelo conselho federal do profissional de saúde
responsável pela realização do procedimento; ou c) fazem uso
off-label de medicamentos, produtos para a saúde ou tecnologia em
saúde, ressalvado o disposto no art. 24.
5. Das normas regulamentares e manifestações da ANS, extraem-se duas
conclusões: a primeira, de que as sessões com fonoaudiólogos,
psicólogos, terapeutas ocupacionais e fisioterapeutas são ilimitadas
para todos os beneficiários, independentemente da doença que os
acomete; a segunda, de que a operadora deverá garantir a realização
do procedimento previsto no rol e indicado pelo profissional
assistente, cabendo ao prestador apto a executá-lo a escolha da
técnica, método, terapia, abordagem ou manejo empregado.
6. Com relação à terapia com uso do Pediasuit, não há norma do CFM
que a defina como tratamento clínico experimental; o Coffito
reconheceu a sua eficácia, atribuindo a fisioterapeutas e terapeutas
ocupacionais a competência para utilizá-lo nas sessões de
fisioterapia e terapia ocupacional; o Referencial Nacional de
Procedimentos Fisioterapêuticos (RNPF) elenca a cinesioterapia
intensiva com vestes terapêuticas dentre as espécies de atendimento
fisioterapêutico por meio de procedimentos, métodos ou técnicas
manuais e/ou específicos (capítulo XV da Resolução 561/2022); não
consta da lista de órteses e próteses não implantáveis, elaborada
pela ANS; e possui registro vigente na Anvisa (Registro ANVISA nº
81265770001), como suporte de posicionamento.
7. Hipótese em que a terapia pelo método Pediasuit, prescrita pelo
médico assistente para o tratamento do beneficiário, deve ser
coberta pela operadora, seja porque é utilizada durante as sessões
de fisioterapia e/ou terapia ocupacional, previstas no rol da ANS,
em número ilimitado e sem quaisquer diretrizes de utilização; seja
porque, a partir dos parâmetros delineados pela ANS, não pode ser
considerada experimental.
8. Recurso especial conhecido em parte e, nessa extensão, provido.","Vistos e relatados estes autos em que são partes as acima
indicadas, acordam os Ministros da SEGUNDA SEÇÃO do Superior
Tribunal de Justiça, prosseguindo o julgamento, após o voto-vista da
Sra. Ministra Maria Isabel Gallotti, divergindo do voto da relatora
para negar provimento ao recurso especial, ficando, em
consequência, mantido na íntegra o acórdão recorrido, por maioria,
conhecer em parte do recurso especial e, nessa extensão, dar-lhe
provimento para determinar a cobertura das sessões de fisioterapia
neuromotora pelo protocolo Pediasuit, conforme a prescrição do
médico assistente, nos termos do voto da Sra. Ministra Relatora.
Os Srs. Ministros João Otávio de Noronha, Humberto Martins, Raul
Araújo, Antonio Carlos Ferreira, Marco Buzzi e Moura Ribeiro votaram
com a Sra. Ministra Relatora.
Votou vencida a Sra. Ministra Maria Isabel Gallotti.
Não participou do julgamento a Sra. Ministra Daniela Teixeira (art.
162, § 4º, do RISTJ).
Presidiu o julgamento o Sr. Ministro Ricardo Villas Bôas Cueva."
SEGUNDA SEÇÃO,REsp,2125696,2025-04-03,NANCY ANDRIGHI,,processual_competencia,,['MARIA ISABEL GALLOTTI'],False,False,False,"RECURSO ESPECIAL. PREQUESTIONAMENTO. AUSÊNCIA. SÚMULA 211/STJ. AÇÃO
DE OBRIGAÇÃO DE FAZER. PRESCRIÇÃO DE TERAPIAS MULTIDISCIPLINARES
PARA TRATAMENTO DE BENEFICIÁRIA PORTADORA DE PARALISIA CEREBRAL.
PEDIASUIT. BOBATH. HIDROTERAPIA. TÉCNICAS ADOTADAS DURANTE AS
SESSÕES DE FISIOTERAPIA, TERAPIA OCUPACIONAL E FONOAUDIOLOGIA.
PREVISÃO NO ROL DA ANS SEM DIRETRIZES DE UTILIZAÇÃO. EFICÁCIA
RECONHECIDA PELO CONSELHO FEDERAL DO PROFISSIONAL DE SAÚDE
RESPONSÁVEL PELA REALIZAÇÃO DO PROCEDIMENTO. NATUREZA EXPERIMENTAL
AFASTADA.
1. Ação de obrigação de fazer ajuizada em 13/01/2022, da qual foi
extraído o presente recurso especial, interposto em 12/06/2023 e
concluso ao gabinete em 01/03/2024.
2. O propósito recursal é decidir sobre a obrigatoriedade de
cobertura, pela operadora de plano de saúde, de hidroterapia e
terapias multidisciplinares pelos métodos Bobath e Pediasuit,
prescritos para o tratamento de beneficiário diagnosticado com
paralisia cerebral, bem como sobre a violação do dever de informação
ao consumidor.
3. A ausência de decisão acerca dos dispositivos legais indicados
como violados impede o conhecimento do recurso especial (súm.
211/STJ).
4. Das normas regulamentares e manifestações da ANS, extraem-se duas
conclusões: a primeira, de que as sessões com fonoaudiólogos,
psicólogos, terapeutas ocupacionais e fisioterapeutas são ilimitadas
para todos os beneficiários, independentemente da doença que os
acomete; a segunda, de que a operadora deverá garantir a realização
do procedimento previsto no rol e indicado pelo profissional
assistente, cabendo ao prestador apto a executá-lo a escolha da
técnica, método, terapia, abordagem ou manejo empregado.
5. De acordo com o art. 17, parágrafo único, I, da RN 465/2021 da
ANS, que regulamenta o art. 10, I, da Lei 9.656/1998, são
tratamentos clínicos experimentais aqueles que: a) empregam
medicamentos, produtos para a saúde ou técnicas não registrados/não
regularizados no país; b) são considerados experimentais pelo
Conselho Federal de Medicina - CFM, pelo Conselho Federal de
Odontologia - CFO ou pelo conselho federal do profissional de saúde
responsável pela realização do procedimento; ou c) fazem uso
off-label de medicamentos, produtos para a saúde ou tecnologia em
saúde, ressalvado o disposto no art. 24.
6. Com relação à terapia com uso do Pediasuit, não há norma do CFM
que a defina como tratamento clínico experimental; o Coffito
reconheceu a sua eficácia, atribuindo a fisioterapeutas e terapeutas
ocupacionais a competência para utilizá-lo nas sessões de
fisioterapia e terapia ocupacional; o Referencial Nacional de
Procedimentos Fisioterapêuticos (RNPF) elenca a cinesioterapia
intensiva com vestes terapêuticas dentre as espécies de atendimento
fisioterapêutico por meio de procedimentos, métodos ou técnicas
manuais e/ou específicos (capítulo XV da Resolução 561/2022); não
consta da lista de órteses e próteses não implantáveis, elaborada
pela ANS; possui registro vigente na Anvisa (Registro ANVISA nº
81265770001), como suporte de posicionamento.
7. Com relação às terapias pelo método Bobath, a ANS, desde 2015,
afirma, expressamente, que estão incluídas nos procedimentos
clínicos ambulatoriais e hospitalares de reeducação e reabilitação
neurológtica, reeducação e reabilitação neuro-músculo-esquelética e
reeducação e reabilitação no retardo do desenvolvimento psicomotor
ou ainda nas consultas com fisioterapeuta e nas sessões com
terapeuta ocupacional, fonoaudiólogo e psicólogo, todos esses
previstos no rol da ANS sem quaisquer diretrizes de utilização.
8. Com relação à hidroterapia, o Coffito disciplinou a especialidade
profissional de fisioterapia aquática, considerada a utilização da
água nos diversos ambientes e contextos, em quaisquer dos seus
estados físicos, para fins de atuação do fisioterapeuta no âmbito da
hidroterapia, dentre outras técnicas (art. 1º, parágrafo único, da
Resolução 443/2014); o RNPF elenca a fisioterapia aquática
(hidroterapia) - individual e em grupo - dentre as espécies de
atendimento fisioterapêutico por meio de procedimentos, métodos ou
técnicas manuais e/ou específicos (capítulo XV da Resolução
561/2022).
9. Hipótese em que as terapias multidisciplinares prescritas para o
tratamento da beneficiária devem ser cobertas pela operadora, seja
porque a hidroterapia e as terapias pelos métodos Pediasuit e Bobath
são utilizadas durante as sessões de fisioterapia, terapia
ocupacional e fonoaudiologia, todas estas previstas no rol da ANS,
em número ilimitado e sem quaisquer diretrizes de utilização; seja
porque, a partir dos parâmetros delineados pela ANS, não podem ser
consideradas experimentais.
10. Recurso especial conhecido em parte e, nessa extensão, provido.","Vistos e relatados estes autos em que são partes as acima
indicadas, acordam os Ministros da SEGUNDA SEÇÃO do Superior
Tribunal de Justiça, prosseguindo o julgamento, após o voto-vista da
Sra. Ministra Maria Isabel Gallotti, divergindo do voto da relatora
para negar provimento ao recurso especial, ficando, em
consequência, mantido na íntegra o acórdão recorrido, por maioria,
conhecer em parte do recurso especial e, nessa extensão, dar-lhe
provimento para restabelecer a sentença, inclusive quanto aos ônus
da sucumbência, nos termos do voto da Sra. Ministra Relatora.
Os Srs. Ministros João Otávio de Noronha, Humberto Martins, Raul
Araújo, Antonio Carlos Ferreira, Marco Buzzi e Moura Ribeiro votaram
com a Sra. Ministra Relatora.
Votou vencida a Sra. Ministra Maria Isabel Gallotti.
Não participou do julgamento a Sra. Ministra Daniela Teixeira (art.
162, § 4º, do RISTJ).
Presidiu o julgamento o Sr. Ministro Ricardo Villas Bôas Cueva."
SEGUNDA SEÇÃO,ProAfR no REsp,2167029,2025-08-12,ANTONIO CARLOS FERREIRA,,tratamento_medico_hospitalar,"7771,8961,12489",['RAUL ARAUJO'],False,True,True,"RECURSO ESPECIAL. PROPOSTA DE AFETAÇÃO AO RITO DOS RECURSOS
REPETITIVOS. PLANOS DE SAÚDE. REEMBOLSO DE DESPESAS MÉDICAS FORA DA
REDE CREDENCIADA. HIPÓTESES E EXTENSÃO. (IN)ADMISSIBILIDADE DOS
RECURSOS QUE DELIBEREM SOBRE O ENQUADRAMENTO FÁTICO À HIPOTESE
FIXADA NO JULGAMENTO DO REPETITIVO. RECURSO AFETADO.
1. Controvérsia relativa ao reembolso de despesas médicas realizadas
fora da rede credenciada, em casos de urgência ou emergência, ou
quando não há disponibilidade de tratamento adequado na rede
credenciada, bem como sua extensão.
2. A jurisprudência do STJ orientou-se no sentido de que ""o
reembolso das despesas médico-hospitalaes efetuadas pelo
beneficiário com tratamento/atendimento de saúde fora da rede
credenciada pode ser admitido somente em hipóteses excepcionais,
tais como a inexistência ou insuficiência de estabelecimento ou
profissional credenciado no local e urgência ou emergência do
procedimento"" (EAREsp n. 1.459.849/ES, relator MINISTRO MARCO
AURÉLIO BELLIZZE, SEGUNDA SEÇÃO, julgado em 14/10/2020, DJe de
17/12/2020.)
3. No entanto, malgrado o STJ tenha fixado orientação
jurisprudencial uniforme, tem-se verificado significativa
recorribilidade acerca da matéria, com altíssimo índice de
repetição, o que tem conduzido à multiplicidade de recursos nesta
Corte Superior e nas instâncias ordinárias, o que demonstra a
importância de reafirmar da eficácia persuasiva da jurisprudência do
STJ por meio da elevação do entendimento a precedente vinculante.
4. Caso concreto em que o Tribunal de origem reconheceu a obrigação
da operadora do plano de saúde ao reembolso integral das despesas
médico-hospitalares efetuadas pelo beneficiário fora da rede
credenciada.
5. Deliberação, ainda, sobre a revisibilidade das conclusões dos
acórdãos recorridos quanto aos pressupostos fáticos que permitem ou
não o custeio ou reembolso parcial ou integral.
6. Questões federais afetadas: I-) a obrigação de a operadora de
plano de saúde custear ou reembolsar despesas médico-hospitalares
efetuadas pelo beneficiário fora da rede credenciada e sua
respectiva extensão, nas hipóteses de insuficiência da rede
credenciada ou de urgência ou emergência; II-) (in)admissibilidade
dos recursos especiais interpostos para a rediscussão das conclusões
dos acórdãos recorridos quanto aos pressupostos fáticos que
permitem o custeio ou reembolso parcial ou integral, pelo plano de
saúde, das despesas médico-hospitalares efetuadas pelo beneficiário
fora da rede credenciada.
7. Recurso especial afetado ao rito dos recursos repetitivos, com
determinação de sobrestamento de recursos especiais e agravos nos
próprios autos, nos termos do art. 1.037, II, do CPC.","Vistos e relatados estes autos em que são partes as acima indicadas,
acordam os Ministros da SEGUNDA SEÇÃO, por maioria, afetar o
processo ao rito dos recursos repetitivos (RISTJ, art. 257-C),
conforme proposta do Sr. Ministro Relator, para a delimitação das
seguintes questões federais:
I) a obrigação de a operadora de plano de saúde custear ou
reembolsar despesas médico-hospitalares efetuadas pelo beneficiário
fora da rede credenciada e sua respectiva extensão, nas hipóteses de
insuficiência da rede credenciada ou de urgência ou emergência;
II) (in)admissibilidade dos recursos especiais interpostos para a
rediscussão das conclusões dos acórdãos recorridos quanto aos
pressupostos fáticos que permitem o custeio ou reembolso parcial ou
integral, pelo plano de saúde, das despesas médico-hospitalares
efetuadas pelo beneficiário fora da rede credenciada.
Por maioria, determinar-se a suspensão dos recursos especiais e dos
agravos em recurso especial que discorram sobre idêntica questão
jurídica, nos termos do art. 1.037, II, do CPC.
Os Srs. Ministros Marco Buzzi, Moura Ribeiro, Daniela Teixeira,
Nancy Andrighi, João Otávio de Noronha, Humberto Martins e Maria
Isabel Gallotti votaram com o Sr. Ministro Relator.
Vencido o Sr. Ministro Raul Araújo que divergiu quanto à afetação do
item ""II"" da proposta.
Presidiu o julgamento o Sr. Ministro Ricardo Villas Bôas Cueva."
SEGUNDA SEÇÃO,ProAfR no REsp,2196667,2025-08-12,ANTONIO CARLOS FERREIRA,,tratamento_medico_hospitalar,12489,['RAUL ARAUJO'],False,True,True,"RECURSO ESPECIAL. PROPOSTA DE AFETAÇÃO AO RITO DOS RECURSOS
REPETITIVOS. PLANOS DE SAÚDE. REEMBOLSO DE DESPESAS MÉDICAS FORA DA
REDE CREDENCIADA. HIPÓTESES E EXTENSÃO. (IN)ADMISSIBILIDADE DOS
RECURSOS QUE DELIBEREM SOBRE O ENQUADRAMENTO FÁTICO À HIPOTESE
FIXADA NO JULGAMENTO DO REPETITIVO. RECURSO AFETADO.
1. Controvérsia relativa ao reembolso de despesas médicas realizadas
fora da rede credenciada, em casos de urgência ou emergência, ou
quando não há disponibilidade de tratamento adequado na rede
credenciada, bem como sua extensão.
2. A jurisprudência do STJ orientou-se no sentido de que ""o
reembolso das despesas médico-hospitalaes efetuadas pelo
beneficiário com tratamento/atendimento de saúde fora da rede
credenciada pode ser admitido somente em hipóteses excepcionais,
tais como a inexistência ou insuficiência de estabelecimento ou
profissional credenciado no local e urgência ou emergência do
procedimento"" (EAREsp n. 1.459.849/ES, relator MINISTRO MARCO
AURÉLIO BELLIZZE, SEGUNDA SEÇÃO, julgado em 14/10/2020, DJe de
17/12/2020.)
3. No entanto, malgrado o STJ tenha fixado orientação
jurisprudencial uniforme, tem-se verificado significativa
recorribilidade acerca da matéria, com altíssimo índice de
repetição, o que tem conduzido à multiplicidade de recursos nesta
Corte Superior e nas instâncias ordinárias, o que demonstra a
importância de reafirmar da eficácia persuasiva da jurisprudência do
STJ por meio da elevação do entendimento a precedente vinculante.
4. Caso concreto em que o Tribunal de origem reconheceu a obrigação
da operadora do plano de saúde ao reembolso integral das despesas
médico-hospitalares efetuadas pelo beneficiário fora da rede
credenciada.
5. Deliberação, ainda, sobre a revisibilidade das conclusões dos
acórdãos recorridos quanto aos pressupostos fáticos que permitem ou
não o custeio ou reembolso parcial ou integral.
6. Questões federais afetadas: I-) a obrigação de a operadora de
plano de saúde custear ou reembolsar despesas médico-hospitalares
efetuadas pelo beneficiário fora da rede credenciada e sua
respectiva extensão, nas hipóteses de insuficiência da rede
credenciada ou de urgência ou emergência; II-) (in)admissibilidade
dos recursos especiais interpostos para a rediscussão das conclusões
dos acórdãos recorridos quanto aos pressupostos fáticos que
permitem o custeio ou reembolso parcial ou integral, pelo plano de
saúde, das despesas médico-hospitalares efetuadas pelo beneficiário
fora da rede credenciada.
7. Recurso especial afetado ao rito dos recursos repetitivos, com
determinação de sobrestamento de recursos especiais e agravos nos
próprios autos, nos termos do art. 1.037, II, do CPC.","Vistos e relatados estes autos em que são partes as acima indicadas,
acordam os Ministros da SEGUNDA SEÇÃO, por maioria, afetar o
processo ao rito dos recursos repetitivos (RISTJ, art. 257-C),
conforme proposta do Sr. Ministro Relator, para a delimitação das
seguintes questões federais:
I) a obrigação de a operadora de plano de saúde custear ou
reembolsar despesas médico-hospitalares efetuadas pelo beneficiário
fora da rede credenciada e sua respectiva extensão, nas hipóteses de
insuficiência da rede credenciada ou de urgência ou emergência;
II) (in)admissibilidade dos recursos especiais interpostos para a
rediscussão das conclusões dos acórdãos recorridos quanto aos
pressupostos fáticos que permitem o custeio ou reembolso parcial ou
integral, pelo plano de saúde, das despesas médico-hospitalares
efetuadas pelo beneficiário fora da rede credenciada.
Por maioria, determinar-se a suspensão dos recursos especiais e dos
agravos em recurso especial que discorram sobre idêntica questão
jurídica, nos termos do art. 1.037, II, do CPC.
Os Srs. Ministros Marco Buzzi, Moura Ribeiro, Daniela Teixeira,
Nancy Andrighi, João Otávio de Noronha, Humberto Martins e Maria
Isabel Gallotti votaram com o Sr. Ministro Relator.
Vencido o Sr. Ministro Raul Araújo que divergiu quanto à afetação do
item ""II"" da proposta.
Presidiu o julgamento o Sr. Ministro Ricardo Villas Bôas Cueva."
SEGUNDA SEÇÃO,REsp,2165670,2026-03-11,RICARDO VILLAS BOAS CUEVA,,cobertura_rol,"899,10431,10433,12480,12482,12486",['DANIELA TEIXEIRA'],True,True,False,"RECURSO ESPECIAL REPETITIVO. DIREITO DO CONSUMIDOR. PLANO DE SAÚDE.
COBERTURA MÉDICO-ASSISTENCIAL. RECUSA INDEVIDA. DANOS MORAIS.
VÍTIMA. ALTERAÇÃO ANÍMICA. EFETIVA CONSTATAÇÃO. NECESSIDADE.
1. Ação de obrigação de fazer cumulada com pedido de indenização por
danos morais, ajuizada por beneficiário de plano de saúde, em razão
da recusa de custeio de tratamento multidisciplinar para paciente
com Transtorno do Espectro Autista.
2. A controvérsia dos autos está em definir se a recusa indevida de
cobertura médico-assistencial por operadora de plano de saúde
configura, por si só, dano moral presumido (in re ipsa).
3. A recusa de cobertura médico-assistencial pode resultar de
inúmeros fatores, desde a existência de dúvida interpretativa das
cláusulas contratuais até a contínua modificação das normas
regulamentares, passando, ainda, pela indesejada oscilação da
jurisprudência dos tribunais.
4. A diversidade quase que ilimitada dos tipos de tratamento médico
e dos riscos a que se submete o paciente em caso de recusa à
determinada terapia influencia diretamente na alteração de seu
estado anímico, a ensejar ou não o reconhecimento de dano moral
indenizável, devendo ainda ser sopesadas as consequências dessa
recusa, não só sob o aspecto do agravamento da sua condição de
saúde, mas também do maior ou menor abalo da sua condição
psicológica.
5. A simples recusa de cobertura médico-assistencial não configura,
por si só, dano moral presumido (in re ipsa), sendo imprescindível a
constatação de outros elementos que demonstrem efetiva lesão à
esfera dos direitos extrapatrimoniais do segurado.
6. Tese para os fins do art. 1.040 do CPC: A simples recusa indevida
de cobertura médico-assistencial por operadora de plano de saúde
não gera, por si só, dano moral presumido (in re ipsa), sendo
imprescindível a presença de outros elementos que permitam constatar
a alteração anímica da vítima em grau suficiente para ultrapassar o
mero aborrecimento ou dissabor.
7. Recurso especial não provido.","Vistos e relatados estes autos em que são partes as acima indicadas,
acordam os Ministros da SEGUNDA SEÇÃO do Superior Tribunal de
Justiça, prosseguindo o julgamento, após voto-vista regimental do
Sr. Ministro Ricardo Villas Bôas Cueva ratificando o voto
anteriormente proferido, por unanimidade, negar provimento ao
recurso especial, nos termos do voto do Sr. Ministro Relator.
Para os fins repetitivos, por maioria, aprovou a seguinte tese no
TEMA 1.365: ""A simples recusa indevida de cobertura
médico-assistencial por operadora de plano de saúde não gera, por si
só, dano moral presumido (in re ipsa), sendo imprescindível a
presença de outros elementos que permitam constatar a alteração
anímica da vítima em grau suficiente para ultrapassar o mero
aborrecimento ou dissabor.
Os Srs. Ministros Daniela Teixeira, Nancy Andrighi, Humberto
Martins, Raul Araújo, Maria Isabel Gallotti e Antonio Carlos
Ferreira votaram com o Sr. Ministro Relator no caso concreto.
Vencida na tese a Sra. Ministra Daniela Teixeira.
Não participaram do julgamento os Srs. Ministros Luís Carlos Gambogi
(Desembargador Convocado do TJMG) e João Otávio de Noronha.
Presidiu o julgamento o Sr. Ministro Moura Ribeiro."
SEGUNDA SEÇÃO,REsp,2197574,2026-03-11,RICARDO VILLAS BOAS CUEVA,,tratamento_medico_hospitalar,"12480,12482,12486,12489","['DANIELA TEIXEIRA', 'MARIA ISABEL GALLOTTI', 'RAUL ARAUJO', 'RICARDO VILLAS BOAS CUEVA']",True,True,False,"RECURSO ESPECIAL REPETITIVO. DIREITO DO CONSUMIDOR. PLANO DE SAÚDE.
COBERTURA MÉDICO-ASSISTENCIAL. RECUSA INDEVIDA. DANOS MORAIS.
VÍTIMA. ALTERAÇÃO ANÍMICA. EFETIVA CONSTATAÇÃO. NECESSIDADE.
1. Ação de obrigação de fazer cumulada com pedido de indenização por
danos morais, ajuizada por beneficiário de plano de saúde, em razão
da recusa de custeio de tratamento multidisciplinar para paciente
com Transtorno do Espectro Autista.
2. A controvérsia dos autos está em definir se a recusa indevida de
cobertura médico-assistencial por operadora de plano de saúde
configura, por si só, dano moral presumido (in re ipsa).
3. A recusa de cobertura médico-assistencial pode resultar de
inúmeros fatores, desde a existência de dúvida interpretativa das
cláusulas contratuais até a contínua modificação das normas
regulamentares, passando, ainda, pela indesejada oscilação da
jurisprudência dos tribunais.
4. A diversidade quase que ilimitada dos tipos de tratamento médico
e dos riscos a que se submete o paciente em caso de recusa à
determinada terapia influencia diretamente na alteração de seu
estado anímico, a ensejar ou não o reconhecimento de dano moral
indenizável, devendo ainda ser sopesadas as consequências dessa
recusa, não só sob o aspecto do agravamento da sua condição de
saúde, mas também do maior ou menor abalo da sua condição
psicológica.
5. A simples recusa de cobertura médico-assistencial não configura,
por si só, dano moral presumido (in re ipsa), sendo imprescindível a
constatação de outros elementos que demonstrem efetiva lesão à
esfera dos direitos extrapatrimoniais do segurado.
6. Tese para os fins do art. 1.040 do CPC: A simples recusa indevida
de cobertura médico-assistencial por operadora de plano de saúde
não gera, por si só, dano moral presumido (in re ipsa), sendo
imprescindível a presença de outros elementos que permitam constatar
a alteração anímica da vítima em grau suficiente para ultrapassar o
mero aborrecimento ou dissabor.
7. Recurso especial não provido.","Vistos e relatados estes autos em que são partes as acima indicadas,
acordam os Ministros da SEGUNDA SEÇÃO do Superior Tribunal de
Justiça, prosseguindo o julgamento, após voto-vista regimental do
Sr. Ministro Ricardo Villas Bôas Cueva ratificando o voto
anteriormente proferido para dar provimento ao recurso especial, por
marioria, negar provimento ao recurso especial, nos termos do voto
da Sra. Ministra Nancy Andrighi.
Para os fins repetitivos, por maioria, aprovou a seguinte tese no
TEMA 1.365: ""A simples recusa indevida de cobertura
médico-assistencial por operadora de plano de saúde não gera, por si
só, dano moral presumido (in re ipsa), sendo imprescindível a
presença de outros elementos que permitam constatar a alteração
anímica da vítima em grau suficiente para ultrapassar o mero
aborrecimento ou dissabor"", nos termos do voto do Sr. Ministro
Ricardo Villas Bôas Cueva, relator para acórdão.
No caso concreto, votaram com a Sra. Ministra Nancy Andrighi os Srs.
Ministros Humberto Martins, Antonio Carlos Ferreira e Daniela
Teixeira, vencidos os Srs. Ministros Ricardo Villas Bôas Cueva, Raul
Araújo e Maria Isabel Gallotti.
Vencida na tese a Sra. Ministra Daniela Teixeira.
Não participaram do julgamento os Srs. Ministros Luís Carlos Gambogi
(Desembargador Convocado do TJMG) e João Otávio de Noronha.
Presidiu o julgamento o Sr. Ministro Moura Ribeiro."
TERCEIRA TURMA,REsp,2019136,2023-11-07,NANCY ANDRIGHI,MOURA RIBEIRO,tratamento_medico_hospitalar,12489,['NANCY ANDRIGHI'],False,False,False,"CIVIL E PROCESSO CIVIL. RECURSO ESPECIAL. PLANO DE SAÚDE. AÇÃO DE
OBRIGAÇÃO DE FAZER CUMULADA COM COMPENSAÇÃO POR DANO MORAL. NEGATIVA
DE PRESTAÇÃO JURISDICIONAL. INEXISTÊNCIA. ACÓRDÃO DEVIDAMENTE
FUNDAMENTADO. RECUSA DA OPERADORA DE CONTRATAR PLANO DE ASSISTÊNCIA
À SAÚDE. BENEFICIÁRIA COM RESTRIÇÃO EM ÓRGÃO DE PROTEÇÃO AO CRÉDITO.
ABUSIVIDADE CONFIGURADA. RECURSO ESPECIAL A QUE SE NEGA PROVIMENTO.
1. O cerne da controvérsia, levantada no nobre apelo, cinge-se em
definir se há ofensa aos arts. 489, § 1º, IV, e 1.022, II, ambos do
CPC, e se a UNIMED está autorizada a negar a contratação de plano de
saúde com quem está com o nome negativado em órgão de restrição de
crédito.
2. Não há que se falar em omissão ou negativa de prestação
jurisdicional, na medida em que o Tribunal gaúcho, clara e
fundamentadamente, dirimiu as questões que lhe foram submetidas.
3. Nos contratos de consumo de bens essenciais como água, energia
elétrica, saúde, educação etc, não pode o fornecedor agir pensando
apenas no que melhor lhe convém. A negativa de contratação de
serviços essenciais constitui evidente afronta à dignidade da
pessoa, sendo incompatível ainda com os princípios do Código de
Defesa do Consumidor (CDC).
4. O fato de o consumidor registrar negativação nos cadastros de
consumidores não pode bastar, por si só, para vedar a contratação do
plano de saúde pretendido.
5. A prestação dos serviços sempre pode ser obstada se não tiver
havido o pagamento correspondente. Assim, exigir que a contratação
seja efetuada apenas mediante ""pronto pagamento"", nos termos do que
dispõe o art. 39, IX, do CDC, equivale a impor ao consumidor uma
desvantagem manifestamente excessiva, o que é vedado pelo art. 39,
V, do mesmo diploma.
6. No caso, ademais, não se está diante de um produto ou serviço de
entrega imediata, mas de um serviço eventual e futuro que, embora
posto à disposição, poderá, ou não, vir a ser exigido. Assim, a
recusa da contratação ou a exigência de que só seja feita mediante
""pronto pagamento"", excede aos limites impostos pelo fim econômico
do direito e pela boa-fé (art. 187 do CC/02).
7. Enfim, a contratação de serviços essenciais não mais pode ser
vista pelo prisma individualista ou de utilidade do contratante, mas
pelo sentido ou função social que tem na comunidade, até porque o
consumidor tem trato constitucional, não é vassalo, nem sequer um
pária.
8. Recurso especial desprovido.","Prosseguindo no julgamento, após o voto-vista do Sr. Ministro Marco
Aurélio Bellizze, vistos, relatados e discutidos os autos em que são
partes as acima indicadas, acordam os Senhores Ministros da
Terceira Turma do Superior Tribunal de Justiça,  por maioria, em
negar provimento ao recurso especial, nos termos do voto do Sr.
Ministro Moura Ribeiro, que lavrará o acórdão. Votou vencida a Sra.
Ministra Nancy Andrighi. Votaram com o Sr. MINISTRO MOURA RIBEIRO os
Srs. Ministros Humberto Martins, Ricardo Villas Bôas Cueva
(Presidente) e Marco Aurélio Bellizze."
TERCEIRA TURMA,AgInt no AREsp,2692439,2024-12-16,RICARDO VILLAS BOAS CUEVA,,tratamento_medico_hospitalar,"7771,7779,12489",['MOURA RIBEIRO'],False,False,False,"AGRAVO INTERNO NO AGRAVO EM RECURSO ESPECIAL. PROCESSUAL CIVIL.
RECURSO ESPECIAL E AGRAVO EM RECURSO ESPECIAL SUBSCRITOS POR
ADVOGADO SEM PROCURAÇÃO NOS AUTOS. SANEAMENTO. DETERMINAÇÃO.
INSTRUMENTO DE MANDATO EM DATA POSTERIOR À INTERPOSIÇÃO DOS
RECURSOS. SÚMULA Nº 115/STJ.1. Não se conhece de recurso interposto
por advogado sem procuração nos autos. Incidência da Súmula nº
115/STJ.2. Imprescindível para regularização da representação
processual que a outorga de poderes tenha sido efetuada em data
anterior à da interposição do recurso.3. Irrelevante a existência de
instrumento de mandato nos autos principais, porque cabe à parte
providenciar a juntada de documento hábil a comprovar sua capacidade
postulatória no processo em que pretende interpor recurso.4. Agravo
interno não provido.","Vistos e relatados estes autos em que são partes as acima
indicadas, acordam os Ministros da TERCEIRA TURMA, por maioria,
negar provimento ao recurso, nos termos do voto do Sr. Ministro
Relator.
Votou vencido o Sr. Ministro Moura Ribeiro.
Votaram com o Sr. Ministro RICARDO VILLAS BÔAS CUEVA os Srs.
Ministros Nancy Andrighi, Humberto Martins e Carlos Cini
Marchionatti (Desembargador Convocado TJRS).
Presidiu o julgamento o Sr. Ministro Humberto Martins."
TERCEIRA TURMA,REsp,2160516,2025-04-01,NANCY ANDRIGHI,HUMBERTO MARTINS,home_care,"7779,7780,14760","['NANCY ANDRIGHI', 'RICARDO VILLAS BOAS CUEVA']",False,False,False,"DIREITO PROCESSUAL CIVIL E DO CONSUMIDOR. RECURSO ESPECIAL. ERRO
MÉDICO. DENUNCIAÇÃO DA LIDE. IMPOSSIBILIDADE. SÚMULA 83/STJ.
INCIDÊNCIA.
1. Cuida-se de recurso especial interposto contra acórdão que julgou
agravo de instrumento, por meio do qual o hospital recorrente
requer denunciar a lide aos médicos que atenderam a recorrida.
2. A recorrida buscou atendimento no hospital em quatro ocasiões
distintas, sendo atendida por diferentes médicos. O acórdão
recorrido aplicou o art. 88 do Código de Defesa do Consumidor,
vedando a denunciação da lide em casos de relação de consumo, como o
erro médico.
3. A vedação da denunciação da lide prevista no art. 88 do CDC
aplica-se a casos de responsabilidade civil por acidentes de
consumo, como o erro médico, para evitar a complexidade e o
prolongamento excessivo das discussões processuais.
4. A teoria do risco da atividade consumerista veda a denunciação da
lide, visando evitar revitimização do consumidor e atrasos
processuais.
5. Incidência da Súmula 83/STJ: Não se conhece do recurso especial
pela divergência, quando a orientação do Tribunal se firmou no mesmo
sentido da decisão recorrida.
Recurso especial não conhecido.","Vistos e relatados estes autos em que são partes as acima indicadas,
acordam os Ministros da TERCEIRA TURMA do Superior Tribunal de
Justiça, após o voto da Sra. Ministra Nancy Andrighi e o voto
divergente do Sr. Ministro Humberto Martins, por maioria, não
conhecer do recurso especial, nos termos do voto do Sr. Ministro
Humberto Martins, que lavrará o acórdão. Vencidos os Srs. Ministros
Nancy Andrighi e Ricardo Villas Bôas Cueva, que davam provimento ao
recurso especial. Votaram com o Sr. Ministro Humberto Martins
(Presidente) os Srs. Ministros Moura Ribeiro e Daniela Teixeira."
TERCEIRA TURMA,REsp,2190906,2025-12-09,NANCY ANDRIGHI,RICARDO VILLAS BOAS CUEVA,manutencao_contrato,"899,7681,7690,7703,8826,12480,12482,12486,12755,12756,12943","['DANIELA TEIXEIRA', 'HUMBERTO MARTINS']",False,False,False,"RECURSO ESPECIAL. AÇÃO CIVIL PÚBLICA. CONTRATO. PLANO DE SAÚDE
COLETIVO. MODALIDADE. ATÉ TRINTA BENEFICIÁRIOS. NEGATIVA DE
PRESTAÇÃO JURISDICIONAL. PREQUESTIONAMENTO FICTO. LITISCONSÓRCIO
NECESSÁRIO. OBRIGATÓRIEDADE. AUSÊNCIA. USURPAÇÃO DE COMPETÊNCIA.
AGÊNCIA NACIONAL DE SAÚDE. NÃO OCORRÊNCIA. CLÁUSULA. RESCISÃO
IMOTIVADA POR PARTE DA OPERADORA. NULIDADE. RESCISÃO IMOTIVADA PELO
CONSUMIDOR ANTES DO PRAZO DE 12 MESES. PAGAMENTO DE MULTA. VALIDADE.
1. A controvérsia dos autos resume-se em definir (i) se houve falha
na prestação jurisdicional; (ii) a obrigatoriedade da formação de
litisconsórcio passivo necessário; (iii) o limite da competência da
Agência Nacional de Saúde; (iv) a nulidade de cláusulas do contrato
de plano de saúde coletivo com até 30 (trinta) vidas.
2. Por força do disposto no artigo 1.025 do Código de Processo
Civil, consideram-se prequestionadas as matérias de direito alegadas
em embargos de declaração.
3. Na hipótese, a pretensão não inclui o controle de legalidade de
ato administrativo, de modo que não se mostra obrigatória a formação
de litisconsórcio necessário com a Agência Nacional de Saúde - ANS.
4. A discussão acerca da validade de cláusulas contratuais e da
legalidade de normas de regulação não implica usurpação de
competência da Agência Nacional de Saúde - ANS.
5. Nos termos da jurisprudência desta Corte, é nula a cláusula do
contrato de plano de saúde coletivo com menos de 30 (trinta) vidas
que permite a rescisão imotivada por parte da operadora.
6. É válida a cláusula que permite ao consumidor a rescisão do
contrato imotivadamente antes de transcorrido o prazo de 12 (doze)
meses, condicionada ao pagamento de multa no valor de 50% (cinquenta
por cento) das contraprestações vincendas até o término do prazo
mínimo de vigência.
7. Recurso especial conhecido e parcialmente provido.","Vistos e relatados estes autos em que são partes as acima indicadas,
acordam os Ministros da TERCEIRA TURMA do Superior Tribunal de
Justiça, prosseguindo no julgamento, após o voto-vista divergente do
Sr. Ministro Ricardo Villas Bôas Cueva e o realinhamento parcial do
voto da Sra. Ministra Nancy Andrighi, por maioria, dar parcial
provimento ao recurso especial, em menor extensão, nos termos do
voto do Sr. Ministro Ricardo Villas Bôas Cueva, que lavrará o
acórdão. Vencidos os Srs. Ministros Daniela Teixeira e Humberto
Martins. Participaram do julgamento os Srs. Ministros Nancy Andrigh,
Humberto Martins, Ricardo Villas Bôas Cueva, Moura Ribeiro e
Daniela Teixeira."
TERCEIRA TURMA,EDcl no REsp,2190906,2026-04-22,DANIELA TEIXEIRA,DANIELA TEIXEIRA,manutencao_contrato,"899,7681,7690,7703,8826,12480,12482,12486,12755,12756,12943","['NANCY ANDRIGHI', 'RICARDO VILLAS BOAS CUEVA']",False,False,False,"DIREITO DO CONSUMIDOR. EMBARGOS DE DECLARAÇÃO. PLANO DE SAÚDE
 COLETIVO COM MENOS DE 30 BENEFICIÁRIOS. NULIDADE PARCIAL DE CLÁUSULA
 CONTRATUAL. AVISO PRÉVIO DE 60 DIAS. OMISSÃO NO ACÓRDÃO. EMBARGOS
 ACOLHIDOS COM EFEITOS MODIFICATIVOS.
 I. Caso em exame
 1. Embargos de declaração opostos contra acórdão da Turma de
 Tribunal Superior em ação civil pública que discutiu a nulidade das
 cláusulas 23.2.1 e 23.3 de contrato de adesão de assistência médica
 e hospitalar coletivo empresarial com até 30 beneficiários, visando
 à integração do julgado para explicitar a validade da exigência de
 aviso prévio de 60 dias para rescisão imotivada pelo consumidor após
 a vigência mínima de 12 meses.
 2. Fato relevante. A Embargante sustenta omissão quanto ao regime
 aplicável à rescisão contratual pelo consumidor após o período
 mínimo de 12 meses, especificamente sobre a legalidade do aviso
 prévio de 60 dias, enquanto o Embargado pugna pela rejeição por
 inexistência de omissão.
 3. As decisões anteriores. Sentença e acórdão de origem examinaram
 os conteúdos obrigacionais das cláusulas impugnadas, reconhecendo a
 abusividade da rescisão imotivada pela operadora, a validade da
 vigência mínima de 12 meses e da multa por rescisão antecipada; o
 acórdão embargado, contudo, não enfrentou de modo específico a
 validade da exigência de aviso prévio de 60 dias.
 II. Questão em discussão
 4. A questão em discussão consiste em saber se há omissão no
 acórdão, nos termos do CPC, por não enfrentar a validade da prática
 comercial consistente na exigência de aviso prévio remunerado de 60
 dias para rescisão imotivada pelo consumidor após 12 meses em plano
 coletivo com menos de 30 beneficiários.
 5. Há duas questões em discussão: (i) saber se a análise deve
 incidir sobre os conteúdos obrigacionais autônomos das cláusulas
 contratuais, e não apenas sobre sua validade formal; e (ii) saber se
 o conteúdo obrigacional de aviso prévio de 60 dias é válido à luz
 do CDC, preservadas a abusividade da rescisão imotivada pela
 operadora, a vigência mínima de 12 meses e a multa contratual por
 rescisão antes do período mínimo.
 III. Razões de decidir
 6. Configura omissão a ausência de enfrentamento de argumento capaz,
 em tese, de infirmar a conclusão adotada, nos termos dos arts.
 1.022, parágrafo único, II, e 489, § 1º, do CPC, notadamente quanto
 à validade do aviso prévio de 60 dias para rescisão imotivada pelo
 consumidor após 12 meses.
 7. A matéria devolvida ao Tribunal exige a análise dos conteúdos
 obrigacionais autônomos presentes nas cláusulas impugnadas, e não
 apenas um juízo binário de validade/nulidade das cláusulas, por
 refletirem práticas comerciais do mercado de planos de saúde
 coletivo.
 8. A rescisão imotivada do contrato por parte da operadora de plano
 de saúde configura obrigação abusiva, consoante jurisprudência
 pacífica desta Corte Superior.
 9. São válidas a obrigação de vigência mínima de 12 meses e a multa
 contratual de 50% sobre as contraprestações vincendas em caso de
 rescisão antes do prazo mínimo.
 10. É válido o conteúdo obrigacional de aviso prévio de 60 dias para
 a rescisão imotivada pelo consumidor após o período mínimo de 12
 meses, por constituir dever bilateral que promove segurança
 jurídica, não se enquadrar nas hipóteses do art. 51, § 1º, do CDC e
 revelar razoabilidade e lealdade contratual.
 11. A integração do acórdão deve explicitar que a nulidade da
 cláusula 23.2.1 alcança exclusivamente a previsão de rescisão
 imotivada pela operadora em contratos com menos de 30 beneficiários,
 remanescendo válida a faculdade do consumidor de rescindir
 imotivadamente após 12 meses, mediante aviso prévio de 60 dias.
 IV. Dispositivo
 6. Embargos de declaração acolhidos com efeitos modificativos para
 sanar omissão, integrando o acórdão a fim de reconhecer a validade
 do aviso prévio de 60 dias para rescisão imotivada pelo consumidor
 após 12 meses, mantendo a nulidade apenas quanto à rescisão
 imotivada pela operadora.","Vistos e relatados estes autos em que são partes as acima indicadas,
 acordam os Ministros da TERCEIRA TURMA do Superior Tribunal de
 Justiça, em Sessão Virtual de 14/04/2026 a 22/04/2026, por maioria,
 acolher os embargos de declaração, com efeitos modificativos, nos
 termos do voto da Sra. Ministra Daniela Teixeira, que lavrará o
 acórdão.
 Votaram vencidos os Srs. Ministros Ricardo Villas Bôas Cueva e Nancy
 Andrighi.
 Votaram com a Sra. Ministra DANIELA TEIXEIRA os Srs. Ministros Moura
 Ribeiro e Humberto Martins.
 Presidiu o julgamento a Sra. Ministra Daniela Teixeira."
