orgao,relator,relatorias,%_com_obice,ic95_obice,%_provimento,%_cita_jurisp_consolidada,merito_n,%_merito_pro_beneficiario,%_merito_pro_operadora
QUARTA TURMA,Raul Araujo,734,61.9,58–65,18.3,61.0,298,29.2,1.0
QUARTA TURMA,Joao Otavio de Noronha,459,82.8,79–86,19.4,41.0,127,18.9,2.4
QUARTA TURMA,Maria Isabel Gallotti,356,54.5,49–60,9.6,28.1,160,15.0,2.5
QUARTA TURMA,Antonio Carlos Ferreira,323,78.9,74–83,7.7,60.7,70,7.1,2.9
QUARTA TURMA,Marco Buzzi,250,64.0,58–70,9.2,52.8,104,12.5,2.9
QUARTA TURMA,Luis Carlos Gambogi Desembargador Convocado do Tjmg,74,81.1,71–88,14.9,31.1,17,0.0,0.0
QUARTA TURMA,Luis Felipe Salomao,66,45.5,34–57,18.2,31.8,38,5.3,10.5
TERCEIRA TURMA,Moura Ribeiro,659,64.0,60–68,15.0,38.8,257,13.2,8.2
TERCEIRA TURMA,Ricardo Villas Boas Cueva,510,57.5,53–62,19.0,22.9,237,24.1,4.6
TERCEIRA TURMA,Nancy Andrighi,491,51.1,47–56,29.9,29.1,298,32.2,1.0
TERCEIRA TURMA,Daniela Teixeira,439,83.6,80–87,12.1,75.4,74,29.7,1.4
TERCEIRA TURMA,Humberto Martins,376,66.5,62–71,14.1,51.6,138,22.5,2.2
TERCEIRA TURMA,Marco Aurelio Bellizze,225,69.8,63–75,0.9,51.1,65,32.3,1.5
