ministro,precedentes_citados,citacoes_recebidas,indice_h,precedentes_qualificados,%_citacoes_por_outros_relatores,%_citacoes_de_outra_turma,precedente_mais_citado,citacoes_do_mais_citado
Raul Araujo,529,1283,13,2,81.3,45.2,AgInt no REsp 1.941.905,28
Nancy Andrighi,346,1176,14,18,84.1,35.0,REsp 2.108.440 + REsp 2.125.696,67
Luis Felipe Salomao,268,1101,10,10,93.4,44.9,EREsp 1.889.704 + EREsp 1.886.929,407
Ricardo Villas Boas Cueva,309,892,9,12,89.1,43.7,REsp 1.568.244,60
Marco Buzzi,302,747,11,7,90.4,35.7,AgInt no REsp 1.949.270,57
Moura Ribeiro,304,730,10,5,91.9,49.0,REsp 1.712.163 + REsp 1.726.563,33
Maria Isabel Gallotti,265,688,10,7,95.2,30.4,AgInt no REsp 1.900.682,55
Marco Aurelio Bellizze,228,683,10,4,99.3,55.9,AgInt nos EDcl no REsp 1.963.420,49
Antonio Carlos Ferreira,294,649,8,5,95.4,46.1,REsp 1.816.482 + REsp 1.818.487 + REsp 1.829.862,28
Humberto Martins,185,348,6,5,94.3,38.2,AgInt no REsp 2.140.939,23
Paulo de Tarso Sanseverino,88,255,8,6,97.6,40.8,AgInt no REsp 1.911.407,23
Joao Otavio de Noronha,121,218,5,7,90.8,51.8,AgRg no REsp 971.113,14
Daniela Teixeira,77,130,5,1,84.6,54.6,REsp 2.225.949,12
Luis Carlos Gambogi Desembargador Convocado do Tjmg,7,9,1,0,100.0,0.0,AgInt no AREsp 2.735.033,3
Carlos Cini Marchionatti Desembargador Convocado Tjrs,4,4,1,0,100.0,25.0,AgInt no AREsp 2.735.102,1
