grupo,rotulo_grupo,precedentes,citacoes,mais_citado,relatores_ponderados
1.0,"cobertura, rol, ans, rol ans, tratamento, obrigação",25,894,EREsp 1.889.704 + EREsp 1.886.929,"Luis Felipe Salomao (448), Nancy Andrighi (213), Moura Ribeiro (55), Marco Aurelio Bellizze (43), Antonio Carlos Ferreira (36), Humberto Martins (33), Raul Araujo (21), Maria Isabel Gallotti (19), Marco Buzzi (16)"
2.0,"cobertura, recusa, tratamento, danos, medicamento, obrigação",17,449,REsp 1.733.013,"Luis Felipe Salomao (130), Marco Buzzi (107), Marco Aurelio Bellizze (61), Raul Araujo (43), Paulo de Tarso Sanseverino (42), Antonio Carlos Ferreira (31), Maria Isabel Gallotti (13), Moura Ribeiro (11), Nancy Andrighi (11)"
3.0,"reajuste, coletivo, faixa, etária, faixa etária, sinistralidade",22,351,REsp 1.568.244,"Ricardo Villas Boas Cueva (83), Raul Araujo (54), Marco Aurelio Bellizze (50), Antonio Carlos Ferreira (28), Marco Buzzi (26), Maria Isabel Gallotti (26), Paulo de Tarso Sanseverino (18), Moura Ribeiro (14), Nancy Andrighi (13)"
4.0,"cobertura, medicamento, tratamento, danos, morais, danos morais",12,263,AgInt no REsp 1.900.682,"Maria Isabel Gallotti (88), Moura Ribeiro (47), Marco Aurelio Bellizze (35), Raul Araujo (35), Marco Buzzi (18), Nancy Andrighi (18), Ricardo Villas Boas Cueva (12), Paulo de Tarso Sanseverino (10)"
5.0,"cobertura, rol, ans, recusa, danos, morais",13,244,REsp 1.846.108,"Nancy Andrighi (83), Raul Araujo (62), Luis Felipe Salomao (11), Marco Aurelio Bellizze (10)"
6.0,"medicamento, cobertura, uso, uso domiciliar, domiciliar, medicamento uso",9,240,REsp 1.692.938,"Ricardo Villas Boas Cueva (101), Marco Buzzi (35), Luis Felipe Salomao (28), Marco Aurelio Bellizze (23), Maria Isabel Gallotti (21), Nancy Andrighi (16)"
7.0,"cobertura, danos, morais, danos morais, tratamento, fazer",7,127,AgInt no REsp 1.911.308,"Nancy Andrighi (32), Maria Isabel Gallotti (21), Marco Buzzi (15), Moura Ribeiro (14)"
8.0,"impugnação específica, específica, impugnação, inadmissibilidade ausência, inadmissibilidade ausência impugnação, declaração",6,98,AgInt no AREsp 2.101.598,"Maria Isabel Gallotti (20), Moura Ribeiro (20), Ricardo Villas Boas Cueva (18), Luis Felipe Salomao (15), Marco Aurelio Bellizze (13)"
9.0,"carência, urgência, emergência, obrigação fazer, obrigação, fazer",7,96,AgInt no REsp 1.838.679,"Raul Araujo (34), Joao Otavio de Noronha (14), Ricardo Villas Boas Cueva (10)"
10.0,"coletivo, aviso, prévio, cláusula aviso, cláusula aviso prévio, aviso prévio",6,92,REsp 1.842.751 + REsp 1.846.123,"Moura Ribeiro (28), Raul Araujo (27), Luis Felipe Salomao (25), Daniela Teixeira (12)"
11.0,"honorários, obrigação, cálculo, base, base cálculo, obrigação fazer",5,89,REsp 1.746.072,"Nancy Andrighi (47), Ricardo Villas Boas Cueva (12), Maria Isabel Gallotti (10)"
12.0,"órtese, cobertura, craniana, órtese craniana, negativa, cirúrgico",6,73,REsp 1.731.762,"Marco Buzzi (23), Maria Isabel Gallotti (22), Nancy Andrighi (18), Raul Araujo (10)"
13.0,"titular, dependente, falecimento titular, falecimento, coletivo, dependentes",1,14,REsp 1.871.326,Nancy Andrighi (14)
14.0,"comprovação, intempestividade, feriado, comprovação posterior, feriado local, segunda feira carnaval",1,10,REsp 1.813.684,Nancy Andrighi (10)
