objeto,acordaos,% da base,% de mérito,reformas,taxa_reforma_%,ic95_reforma,% com filtro processual
cirurgia e internação hospitalar,552,10.8,30.3,58,10.5,8.2–13.3,73.6
"terapias para TEA (ABA, multidisciplinar)",440,8.6,53.9,78,17.7,14.4–21.6,50.0
reajuste de mensalidade,399,7.8,39.1,86,21.6,17.8–25.8,73.2
medicamento oncológico,380,7.5,30.8,34,8.9,6.5–12.2,73.2
home care e internação domiciliar,331,6.5,48.6,63,19.0,15.2–23.6,56.5
tratamento fora da rede ou no exterior,237,4.6,39.2,35,14.8,10.8–19.8,68.8
cancelamento ou rescisão unilateral,228,4.5,32.5,36,15.8,11.6–21.1,74.1
fisioterapia e reabilitação,203,4.0,56.7,43,21.2,16.1–27.3,51.7
medicamento off-label ou sem registro,199,3.9,41.7,19,9.5,6.2–14.4,61.3
"manutenção do contrato (demitido, aposentado, morte)",196,3.8,43.4,37,18.9,14.0–24.9,63.8
"órtese, prótese e materiais",195,3.8,40.5,34,17.4,12.8–23.4,65.6
saúde mental e internação psiquiátrica,101,2.0,51.5,21,20.8,14.0–29.7,56.4
cirurgia bariátrica e obesidade,88,1.7,23.9,10,11.4,6.3–19.7,77.3
exames e diagnóstico,78,1.5,28.2,8,10.3,5.3–19.0,80.8
canabidiol,74,1.5,62.2,29,39.2,28.9–50.6,50.0
medicamento de alto custo (fora oncologia),19,0.4,52.6,5,26.3,11.8–48.8,63.2
