motivo,acordaos,% da base,% de mérito,reformas,taxa_reforma_%,ic95_reforma,% com filtro processual
tratamento fora do rol da ANS,1275,25.0,43.3,228,17.9,15.9–20.1,64.7
ausência de registro na Anvisa ou uso off-label,236,4.6,42.4,24,10.2,6.9–14.7,62.3
carência contratual,202,4.0,28.2,27,13.4,9.4–18.7,78.7
prestador fora da rede credenciada,192,3.8,37.5,30,15.6,11.2–21.4,70.3
caráter experimental,180,3.5,49.4,29,16.1,11.5–22.2,56.1
ausência de previsão contratual,89,1.7,27.0,13,14.6,8.7–23.4,78.7
limitação do número de sessões,73,1.4,63.0,4,5.5,2.2–13.3,37.0
diretriz de utilização não cumprida,59,1.2,32.2,7,11.9,5.9–22.5,72.9
inadimplência do beneficiário,52,1.0,26.9,9,17.3,9.4–29.7,80.8
doença ou lesão preexistente,16,0.3,25.0,1,6.2,1.1–28.3,81.2
