,coef,erro_padrao,p_valor,razao_de_chances,ic95_inf,ic95_sup
voto_vista,1.915,0.544,0.0,6.787,2.335,19.729
recurso_especial,1.739,0.098,0.0,5.691,4.694,6.9
periodo_7265,0.585,0.099,0.0,1.796,1.479,2.181
tema_repetitivo,0.43,0.155,0.005,1.537,1.135,2.082
subtema_reajuste,0.212,0.146,0.146,1.236,0.929,1.645
subtema_medicamentos,0.139,0.135,0.301,1.149,0.883,1.497
orgao_quarta,-0.014,0.096,0.881,0.986,0.817,1.19
subtema_cobertura_rol,-0.034,0.127,0.787,0.966,0.753,1.24
jurisp_consolidada,-0.064,0.093,0.494,0.938,0.782,1.126
sumula_7,-0.088,0.139,0.523,0.915,0.698,1.201
subtema_outros,-1.178,0.279,0.0,0.308,0.178,0.532
obice_admissibilidade,-1.185,0.134,0.0,0.306,0.235,0.398
orgao_segunda,-1.852,0.536,0.001,0.157,0.055,0.449
