relator,acordaos,reformas,taxa_reforma_%,ic95
Nancy Andrighi,506,144,28.5,24.7–32.5
Joao Otavio de Noronha,475,85,17.9,14.7–21.6
Ricardo Villas Boas Cueva,522,85,16.3,13.4–19.7
Raul Araujo,737,114,15.5,13.0–18.3
Luis Carlos Gambogi Desembargador Convocado do Tjmg,76,11,14.5,8.3–24.1
Luis Felipe Salomao,68,9,13.2,7.1–23.3
Humberto Martins,384,43,11.2,8.4–14.7
Moura Ribeiro,662,68,10.3,8.2–12.8
Daniela Teixeira,449,46,10.2,7.8–13.4
Marco Buzzi,260,22,8.5,5.7–12.5
Maria Isabel Gallotti,366,29,7.9,5.6–11.1
Antonio Carlos Ferreira,333,25,7.5,5.1–10.8
Marco Aurelio Bellizze,228,1,0.4,0.1–2.4
