objeto,ano,acordaos,taxa_reforma_%
"terapias para TEA (ABA, multidisciplinar)",2022,30,3.3
"terapias para TEA (ABA, multidisciplinar)",2023,80,5.0
"terapias para TEA (ABA, multidisciplinar)",2024,80,10.0
"terapias para TEA (ABA, multidisciplinar)",2025,26,26.9
"terapias para TEA (ABA, multidisciplinar)",2026,28,25.0
home care e internação domiciliar,2022,47,0.0
home care e internação domiciliar,2023,62,0.0
home care e internação domiciliar,2024,58,6.9
home care e internação domiciliar,2025,29,17.2
medicamento oncológico,2022,37,0.0
medicamento oncológico,2023,64,0.0
medicamento oncológico,2024,83,1.2
medicamento oncológico,2025,48,6.2
medicamento oncológico,2026,17,11.8
medicamento off-label ou sem registro,2022,32,0.0
medicamento off-label ou sem registro,2023,38,0.0
medicamento off-label ou sem registro,2024,28,3.6
medicamento off-label ou sem registro,2025,21,0.0
cirurgia bariátrica e obesidade,2024,17,5.9
"órtese, prótese e materiais",2022,15,6.7
"órtese, prótese e materiais",2023,30,3.3
"órtese, prótese e materiais",2024,32,3.1
"órtese, prótese e materiais",2025,16,18.8
"órtese, prótese e materiais",2026,15,0.0
saúde mental e internação psiquiátrica,2023,24,4.2
saúde mental e internação psiquiátrica,2024,22,22.7
cirurgia e internação hospitalar,2022,64,1.6
cirurgia e internação hospitalar,2023,99,0.0
cirurgia e internação hospitalar,2024,105,5.7
cirurgia e internação hospitalar,2025,57,14.0
cirurgia e internação hospitalar,2026,22,0.0
fisioterapia e reabilitação,2023,34,5.9
fisioterapia e reabilitação,2024,28,0.0
fisioterapia e reabilitação,2025,16,43.8
tratamento fora da rede ou no exterior,2022,29,13.8
tratamento fora da rede ou no exterior,2023,33,6.1
tratamento fora da rede ou no exterior,2024,52,13.5
tratamento fora da rede ou no exterior,2025,25,20.0
reajuste de mensalidade,2022,84,0.0
reajuste de mensalidade,2023,50,2.0
reajuste de mensalidade,2024,34,2.9
reajuste de mensalidade,2025,17,23.5
reajuste de mensalidade,2026,21,9.5
"manutenção do contrato (demitido, aposentado, morte)",2022,28,3.6
"manutenção do contrato (demitido, aposentado, morte)",2023,18,5.6
"manutenção do contrato (demitido, aposentado, morte)",2024,25,4.0
cancelamento ou rescisão unilateral,2022,37,2.7
cancelamento ou rescisão unilateral,2023,27,3.7
cancelamento ou rescisão unilateral,2024,19,0.0
