grupo,classe,n,nao_unanimes,taxa,ic_inf,ic_sup
Segunda Seção,Recurso especial,11,4,36.36363636363637,15.166223614131383,64.62032231083627
Segunda Seção,Proposta de afetação,17,2,11.764705882352942,3.287908001292092,34.33684249770991
Segunda Seção,Embargos de divergência,67,1,1.492537313432836,0.2639503757676784,7.98205197313466
Segunda Seção,Agravo interno,15,0,0.0,0.0,20.388926630434785
Segunda Seção,Demais classes,13,0,0.0,0.0,22.810184305529166
Terceira e Quarta Turmas,Embargos de declaração,243,2,0.823045267489712,0.2259949078245371,2.950779185359107
Terceira e Quarta Turmas,Recurso especial,1087,5,0.45998160073597055,0.19662897157270284,1.0722628638688496
Terceira e Quarta Turmas,Agravo interno,2988,5,0.16733601070950468,0.07149540704786525,0.3911494067684811
Terceira e Quarta Turmas,Agravo em recurso especial,662,0,0.0,0.0,0.5769540383178221
Terceira e Quarta Turmas,Demais classes,13,0,0.0,0.0,22.810184305529166
