tipo,codigo,acordaos
Súmula STJ,7,1693
Súmula STJ,83,1022
Súmula STJ,182,316
Súmula STJ,568,224
Súmula STJ,211,173
Tema repetitivo,952,75
Súmula STJ,5,73
Tema repetitivo,1082,61
Tema repetitivo,1034,58
Tema repetitivo,990,52
Tema repetitivo,1076,41
Súmula STJ,608,32
Súmula STJ,115,32
Tema repetitivo,1069,31
Súmula STJ,126,27
Tema repetitivo,1365,25
Súmula STJ,168,21
Tema repetitivo,610,16
Súmula STJ,187,14
Súmula STJ,302,14
Tema repetitivo,1016,12
Súmula STJ,98,12
Súmula STJ,13,10
Súmula STJ,123,9
Súmula STJ,597,9
Súmula STJ,518,9
Tema repetitivo,1295,8
Tema repetitivo,1032,8
Súmula STJ,315,7
Tema repetitivo,989,7
Tema repetitivo,1316,6
Tema repetitivo,123,5
Súmula STJ,609,4
Súmula STJ,410,4
Súmula STJ,07,3
Tema repetitivo,677,3
Tema repetitivo,1314,3
Tema repetitivo,1375,3
Súmula STJ,54,3
Tema repetitivo,706,3
Súmula STJ,469,3
Tema repetitivo,1047,3
Tema repetitivo,1368,3
Tema repetitivo,1067,3
Súmula STJ,362,2
Tema repetitivo,743,2
Súmula STJ,376,2
Súmula STJ,579,2
Tema repetitivo,106,2
Súmula STJ,735,2
Súmula STJ,102,1
Súmula STJ,203,1
Súmula STJ,179,1
Súmula STJ,326,1
Súmula STJ,284,1
Súmula STJ,375,1
Súmula STJ,356,1
Súmula STJ,41,1
Súmula STJ,481,1
Súmula STJ,836,1
Súmula STJ,665,1
Súmula STJ,642,1
Tema repetitivo,1178,1
Tema repetitivo,1313,1
Tema repetitivo,1059,1
Tema repetitivo,1106,1
Tema repetitivo,376,1
Tema repetitivo,673,1
Tema repetitivo,660,1
Tema repetitivo,480,1
Tema repetitivo,500,1
Tema repetitivo,410,1
Tema repetitivo,899,1
Tema repetitivo,929,1
Tema repetitivo,988,1
